,month,canton,companies,tax burden,working population,share of financial sector,share of IT sector,treatment
0,2016-01-31,ZG,0,2361.0,78376.0,,,0.0
1,2016-01-31,ZH,0,4356.0,943505.0,,,0.0
2,2016-01-31,BE,0,3180.9,622339.0,,,0.0
3,2016-01-31,LU,0,2629.7,251486.0,,,0.0
4,2016-01-31,UR,0,3004.49,21652.0,,,0.0
5,2016-01-31,SZ,0,3063.45,98333.0,,,0.0
6,2016-01-31,OW,0,2726.3,23026.0,,,0.0
7,2016-01-31,NW,0,2541.0,26417.0,,,0.0
8,2016-01-31,GL,0,3362.0,24584.0,,,0.0
9,2016-01-31,FR,0,3103.05,193603.0,,,0.0
10,2016-01-31,SO,0,3331.65,166200.0,,,0.0
11,2016-01-31,BS,0,4857.0,121641.0,,,0.0
12,2016-01-31,BL,0,3542.0,169564.0,,,0.0
13,2016-01-31,SH,0,3383.0,48813.0,,,0.0
14,2016-01-31,AR,0,3390.0,33434.0,,,0.0
15,2016-01-31,AI,0,2838.0,9527.0,,,0.0
16,2016-01-31,SG,0,3475.5,309354.0,,,0.0
17,2016-01-31,GR,0,3747.0,121002.0,,,0.0
18,2016-01-31,AG,0,3021.2,415503.0,,,0.0
19,2016-01-31,TG,0,3286.0,169396.0,,,0.0
20,2016-01-31,TI,0,4356.3,211291.0,,,0.0
21,2016-01-31,VD,0,4422.21,483842.0,,,0.0
22,2016-01-31,VS,0,2812.5,206913.0,,,0.0
23,2016-01-31,NE,0,3126.0,107176.0,,,0.0
24,2016-01-31,GE,0,4892.0,305371.0,,,0.0
25,2016-01-31,JU,0,4408.6,42677.0,,,0.0
26,2016-02-29,ZG,0,2361.0,78376.0,,,0.0
27,2016-02-29,ZH,0,4356.0,943505.0,,,0.0
28,2016-02-29,BE,0,3180.9,622339.0,,,0.0
29,2016-02-29,LU,0,2629.7,251486.0,,,0.0
30,2016-02-29,UR,0,3004.49,21652.0,,,0.0
31,2016-02-29,SZ,0,3063.45,98333.0,,,0.0
32,2016-02-29,OW,0,2726.3,23026.0,,,0.0
33,2016-02-29,NW,0,2541.0,26417.0,,,0.0
34,2016-02-29,GL,0,3362.0,24584.0,,,0.0
35,2016-02-29,FR,0,3103.05,193603.0,,,0.0
36,2016-02-29,SO,0,3331.65,166200.0,,,0.0
37,2016-02-29,BS,0,4857.0,121641.0,,,0.0
38,2016-02-29,BL,0,3542.0,169564.0,,,0.0
39,2016-02-29,SH,0,3383.0,48813.0,,,0.0
40,2016-02-29,AR,0,3390.0,33434.0,,,0.0
41,2016-02-29,AI,0,2838.0,9527.0,,,0.0
42,2016-02-29,SG,0,3475.5,309354.0,,,0.0
43,2016-02-29,GR,0,3747.0,121002.0,,,0.0
44,2016-02-29,AG,0,3021.2,415503.0,,,0.0
45,2016-02-29,TG,0,3286.0,169396.0,,,0.0
46,2016-02-29,TI,0,4356.3,211291.0,,,0.0
47,2016-02-29,VD,0,4422.21,483842.0,,,0.0
48,2016-02-29,VS,0,2812.5,206913.0,,,0.0
49,2016-02-29,NE,0,3126.0,107176.0,,,0.0
50,2016-02-29,GE,0,4892.0,305371.0,,,0.0
51,2016-02-29,JU,0,4408.6,42677.0,,,0.0
52,2016-03-31,ZG,2,2361.0,78376.0,0.5,0.5,0.0
53,2016-03-31,ZH,0,4356.0,943505.0,,,0.0
54,2016-03-31,BE,0,3180.9,622339.0,,,0.0
55,2016-03-31,LU,0,2629.7,251486.0,,,0.0
56,2016-03-31,UR,0,3004.49,21652.0,,,0.0
57,2016-03-31,SZ,0,3063.45,98333.0,,,0.0
58,2016-03-31,OW,0,2726.3,23026.0,,,0.0
59,2016-03-31,NW,0,2541.0,26417.0,,,0.0
60,2016-03-31,GL,0,3362.0,24584.0,,,0.0
61,2016-03-31,FR,0,3103.05,193603.0,,,0.0
62,2016-03-31,SO,0,3331.65,166200.0,,,0.0
63,2016-03-31,BS,0,4857.0,121641.0,,,0.0
64,2016-03-31,BL,0,3542.0,169564.0,,,0.0
65,2016-03-31,SH,0,3383.0,48813.0,,,0.0
66,2016-03-31,AR,0,3390.0,33434.0,,,0.0
67,2016-03-31,AI,0,2838.0,9527.0,,,0.0
68,2016-03-31,SG,0,3475.5,309354.0,,,0.0
69,2016-03-31,GR,0,3747.0,121002.0,,,0.0
70,2016-03-31,AG,0,3021.2,415503.0,,,0.0
71,2016-03-31,TG,0,3286.0,169396.0,,,0.0
72,2016-03-31,TI,0,4356.3,211291.0,,,0.0
73,2016-03-31,VD,1,4422.21,483842.0,0.0,1.0,0.0
74,2016-03-31,VS,0,2812.5,206913.0,,,0.0
75,2016-03-31,NE,0,3126.0,107176.0,,,0.0
76,2016-03-31,GE,0,4892.0,305371.0,,,0.0
77,2016-03-31,JU,0,4408.6,42677.0,,,0.0
78,2016-04-30,ZG,2,2361.0,78376.0,0.5,0.5,0.0
79,2016-04-30,ZH,2,4356.0,943505.0,0.5,0.5,0.0
80,2016-04-30,BE,0,3180.9,622339.0,,,0.0
81,2016-04-30,LU,0,2629.7,251486.0,,,0.0
82,2016-04-30,UR,0,3004.49,21652.0,,,0.0
83,2016-04-30,SZ,0,3063.45,98333.0,,,0.0
84,2016-04-30,OW,0,2726.3,23026.0,,,0.0
85,2016-04-30,NW,0,2541.0,26417.0,,,0.0
86,2016-04-30,GL,0,3362.0,24584.0,,,0.0
87,2016-04-30,FR,0,3103.05,193603.0,,,0.0
88,2016-04-30,SO,0,3331.65,166200.0,,,0.0
89,2016-04-30,BS,0,4857.0,121641.0,,,0.0
90,2016-04-30,BL,0,3542.0,169564.0,,,0.0
91,2016-04-30,SH,0,3383.0,48813.0,,,0.0
92,2016-04-30,AR,0,3390.0,33434.0,,,0.0
93,2016-04-30,AI,0,2838.0,9527.0,,,0.0
94,2016-04-30,SG,0,3475.5,309354.0,,,0.0
95,2016-04-30,GR,0,3747.0,121002.0,,,0.0
96,2016-04-30,AG,0,3021.2,415503.0,,,0.0
97,2016-04-30,TG,0,3286.0,169396.0,,,0.0
98,2016-04-30,TI,0,4356.3,211291.0,,,0.0
99,2016-04-30,VD,1,4422.21,483842.0,0.0,1.0,0.0
100,2016-04-30,VS,0,2812.5,206913.0,,,0.0
101,2016-04-30,NE,0,3126.0,107176.0,,,0.0
102,2016-04-30,GE,0,4892.0,305371.0,,,0.0
103,2016-04-30,JU,0,4408.6,42677.0,,,0.0
104,2016-05-31,ZG,3,2361.0,78376.0,0.33,0.33,0.0
105,2016-05-31,ZH,3,4356.0,943505.0,0.33,0.67,0.0
106,2016-05-31,BE,0,3180.9,622339.0,,,0.0
107,2016-05-31,LU,0,2629.7,251486.0,,,0.0
108,2016-05-31,UR,0,3004.49,21652.0,,,0.0
109,2016-05-31,SZ,0,3063.45,98333.0,,,0.0
110,2016-05-31,OW,0,2726.3,23026.0,,,0.0
111,2016-05-31,NW,0,2541.0,26417.0,,,0.0
112,2016-05-31,GL,0,3362.0,24584.0,,,0.0
113,2016-05-31,FR,0,3103.05,193603.0,,,0.0
114,2016-05-31,SO,0,3331.65,166200.0,,,0.0
115,2016-05-31,BS,0,4857.0,121641.0,,,0.0
116,2016-05-31,BL,0,3542.0,169564.0,,,0.0
117,2016-05-31,SH,0,3383.0,48813.0,,,0.0
118,2016-05-31,AR,0,3390.0,33434.0,,,0.0
119,2016-05-31,AI,0,2838.0,9527.0,,,0.0
120,2016-05-31,SG,0,3475.5,309354.0,,,0.0
121,2016-05-31,GR,0,3747.0,121002.0,,,0.0
122,2016-05-31,AG,0,3021.2,415503.0,,,0.0
123,2016-05-31,TG,0,3286.0,169396.0,,,0.0
124,2016-05-31,TI,0,4356.3,211291.0,,,0.0
125,2016-05-31,VD,1,4422.21,483842.0,0.0,1.0,0.0
126,2016-05-31,VS,0,2812.5,206913.0,,,0.0
127,2016-05-31,NE,0,3126.0,107176.0,,,0.0
128,2016-05-31,GE,0,4892.0,305371.0,,,0.0
129,2016-05-31,JU,0,4408.6,42677.0,,,0.0
130,2016-06-30,ZG,3,2361.0,78376.0,0.33,0.33,0.0
131,2016-06-30,ZH,3,4356.0,943505.0,0.33,0.67,0.0
132,2016-06-30,BE,0,3180.9,622339.0,,,0.0
133,2016-06-30,LU,0,2629.7,251486.0,,,0.0
134,2016-06-30,UR,0,3004.49,21652.0,,,0.0
135,2016-06-30,SZ,0,3063.45,98333.0,,,0.0
136,2016-06-30,OW,0,2726.3,23026.0,,,0.0
137,2016-06-30,NW,0,2541.0,26417.0,,,0.0
138,2016-06-30,GL,0,3362.0,24584.0,,,0.0
139,2016-06-30,FR,0,3103.05,193603.0,,,0.0
140,2016-06-30,SO,0,3331.65,166200.0,,,0.0
141,2016-06-30,BS,0,4857.0,121641.0,,,0.0
142,2016-06-30,BL,0,3542.0,169564.0,,,0.0
143,2016-06-30,SH,0,3383.0,48813.0,,,0.0
144,2016-06-30,AR,0,3390.0,33434.0,,,0.0
145,2016-06-30,AI,0,2838.0,9527.0,,,0.0
146,2016-06-30,SG,0,3475.5,309354.0,,,0.0
147,2016-06-30,GR,0,3747.0,121002.0,,,0.0
148,2016-06-30,AG,0,3021.2,415503.0,,,0.0
149,2016-06-30,TG,0,3286.0,169396.0,,,0.0
150,2016-06-30,TI,0,4356.3,211291.0,,,0.0
151,2016-06-30,VD,1,4422.21,483842.0,0.0,1.0,0.0
152,2016-06-30,VS,0,2812.5,206913.0,,,0.0
153,2016-06-30,NE,0,3126.0,107176.0,,,0.0
154,2016-06-30,GE,0,4892.0,305371.0,,,0.0
155,2016-06-30,JU,0,4408.6,42677.0,,,0.0
156,2016-07-31,ZG,4,2361.0,78376.0,0.25,0.5,0.0
157,2016-07-31,ZH,4,4356.0,943505.0,0.25,0.75,0.0
158,2016-07-31,BE,0,3180.9,622339.0,,,0.0
159,2016-07-31,LU,0,2629.7,251486.0,,,0.0
160,2016-07-31,UR,0,3004.49,21652.0,,,0.0
161,2016-07-31,SZ,0,3063.45,98333.0,,,0.0
162,2016-07-31,OW,0,2726.3,23026.0,,,0.0
163,2016-07-31,NW,0,2541.0,26417.0,,,0.0
164,2016-07-31,GL,0,3362.0,24584.0,,,0.0
165,2016-07-31,FR,0,3103.05,193603.0,,,0.0
166,2016-07-31,SO,0,3331.65,166200.0,,,0.0
167,2016-07-31,BS,0,4857.0,121641.0,,,0.0
168,2016-07-31,BL,0,3542.0,169564.0,,,0.0
169,2016-07-31,SH,0,3383.0,48813.0,,,0.0
170,2016-07-31,AR,0,3390.0,33434.0,,,0.0
171,2016-07-31,AI,0,2838.0,9527.0,,,0.0
172,2016-07-31,SG,0,3475.5,309354.0,,,0.0
173,2016-07-31,GR,0,3747.0,121002.0,,,0.0
174,2016-07-31,AG,0,3021.2,415503.0,,,0.0
175,2016-07-31,TG,0,3286.0,169396.0,,,0.0
176,2016-07-31,TI,0,4356.3,211291.0,,,0.0
177,2016-07-31,VD,1,4422.21,483842.0,0.0,1.0,0.0
178,2016-07-31,VS,0,2812.5,206913.0,,,0.0
179,2016-07-31,NE,0,3126.0,107176.0,,,0.0
180,2016-07-31,GE,0,4892.0,305371.0,,,0.0
181,2016-07-31,JU,0,4408.6,42677.0,,,0.0
182,2016-08-31,ZG,7,2361.0,78376.0,0.29,0.57,0.0
183,2016-08-31,ZH,4,4356.0,943505.0,0.25,0.75,0.0
184,2016-08-31,BE,0,3180.9,622339.0,,,0.0
185,2016-08-31,LU,0,2629.7,251486.0,,,0.0
186,2016-08-31,UR,0,3004.49,21652.0,,,0.0
187,2016-08-31,SZ,0,3063.45,98333.0,,,0.0
188,2016-08-31,OW,0,2726.3,23026.0,,,0.0
189,2016-08-31,NW,0,2541.0,26417.0,,,0.0
190,2016-08-31,GL,0,3362.0,24584.0,,,0.0
191,2016-08-31,FR,0,3103.05,193603.0,,,0.0
192,2016-08-31,SO,0,3331.65,166200.0,,,0.0
193,2016-08-31,BS,0,4857.0,121641.0,,,0.0
194,2016-08-31,BL,0,3542.0,169564.0,,,0.0
195,2016-08-31,SH,0,3383.0,48813.0,,,0.0
196,2016-08-31,AR,0,3390.0,33434.0,,,0.0
197,2016-08-31,AI,0,2838.0,9527.0,,,0.0
198,2016-08-31,SG,0,3475.5,309354.0,,,0.0
199,2016-08-31,GR,0,3747.0,121002.0,,,0.0
200,2016-08-31,AG,0,3021.2,415503.0,,,0.0
201,2016-08-31,TG,0,3286.0,169396.0,,,0.0
202,2016-08-31,TI,0,4356.3,211291.0,,,0.0
203,2016-08-31,VD,1,4422.21,483842.0,0.0,1.0,0.0
204,2016-08-31,VS,0,2812.5,206913.0,,,0.0
205,2016-08-31,NE,0,3126.0,107176.0,,,0.0
206,2016-08-31,GE,0,4892.0,305371.0,,,0.0
207,2016-08-31,JU,0,4408.6,42677.0,,,0.0
208,2016-09-30,ZG,8,2361.0,78376.0,0.25,0.62,0.0
209,2016-09-30,ZH,4,4356.0,943505.0,0.25,0.75,0.0
210,2016-09-30,BE,0,3180.9,622339.0,,,0.0
211,2016-09-30,LU,0,2629.7,251486.0,,,0.0
212,2016-09-30,UR,0,3004.49,21652.0,,,0.0
213,2016-09-30,SZ,0,3063.45,98333.0,,,0.0
214,2016-09-30,OW,0,2726.3,23026.0,,,0.0
215,2016-09-30,NW,0,2541.0,26417.0,,,0.0
216,2016-09-30,GL,0,3362.0,24584.0,,,0.0
217,2016-09-30,FR,0,3103.05,193603.0,,,0.0
218,2016-09-30,SO,0,3331.65,166200.0,,,0.0
219,2016-09-30,BS,0,4857.0,121641.0,,,0.0
220,2016-09-30,BL,0,3542.0,169564.0,,,0.0
221,2016-09-30,SH,0,3383.0,48813.0,,,0.0
222,2016-09-30,AR,0,3390.0,33434.0,,,0.0
223,2016-09-30,AI,0,2838.0,9527.0,,,0.0
224,2016-09-30,SG,0,3475.5,309354.0,,,0.0
225,2016-09-30,GR,0,3747.0,121002.0,,,0.0
226,2016-09-30,AG,0,3021.2,415503.0,,,0.0
227,2016-09-30,TG,0,3286.0,169396.0,,,0.0
228,2016-09-30,TI,0,4356.3,211291.0,,,0.0
229,2016-09-30,VD,1,4422.21,483842.0,0.0,1.0,0.0
230,2016-09-30,VS,0,2812.5,206913.0,,,0.0
231,2016-09-30,NE,0,3126.0,107176.0,,,0.0
232,2016-09-30,GE,0,4892.0,305371.0,,,0.0
233,2016-09-30,JU,0,4408.6,42677.0,,,0.0
234,2016-10-31,ZG,8,2361.0,78376.0,0.25,0.62,0.0
235,2016-10-31,ZH,5,4356.0,943505.0,0.2,0.8,0.0
236,2016-10-31,BE,0,3180.9,622339.0,,,0.0
237,2016-10-31,LU,0,2629.7,251486.0,,,0.0
238,2016-10-31,UR,0,3004.49,21652.0,,,0.0
239,2016-10-31,SZ,0,3063.45,98333.0,,,0.0
240,2016-10-31,OW,1,2726.3,23026.0,1.0,0.0,0.0
241,2016-10-31,NW,0,2541.0,26417.0,,,0.0
242,2016-10-31,GL,0,3362.0,24584.0,,,0.0
243,2016-10-31,FR,0,3103.05,193603.0,,,0.0
244,2016-10-31,SO,0,3331.65,166200.0,,,0.0
245,2016-10-31,BS,0,4857.0,121641.0,,,0.0
246,2016-10-31,BL,0,3542.0,169564.0,,,0.0
247,2016-10-31,SH,1,3383.0,48813.0,0.0,0.0,0.0
248,2016-10-31,AR,0,3390.0,33434.0,,,0.0
249,2016-10-31,AI,0,2838.0,9527.0,,,0.0
250,2016-10-31,SG,0,3475.5,309354.0,,,0.0
251,2016-10-31,GR,0,3747.0,121002.0,,,0.0
252,2016-10-31,AG,0,3021.2,415503.0,,,0.0
253,2016-10-31,TG,0,3286.0,169396.0,,,0.0
254,2016-10-31,TI,0,4356.3,211291.0,,,0.0
255,2016-10-31,VD,1,4422.21,483842.0,0.0,1.0,0.0
256,2016-10-31,VS,0,2812.5,206913.0,,,0.0
257,2016-10-31,NE,0,3126.0,107176.0,,,0.0
258,2016-10-31,GE,0,4892.0,305371.0,,,0.0
259,2016-10-31,JU,0,4408.6,42677.0,,,0.0
260,2016-11-30,ZG,10,2361.0,78376.0,0.3,0.5,0.0
261,2016-11-30,ZH,5,4356.0,943505.0,0.2,0.8,0.0
262,2016-11-30,BE,0,3180.9,622339.0,,,0.0
263,2016-11-30,LU,0,2629.7,251486.0,,,0.0
264,2016-11-30,UR,0,3004.49,21652.0,,,0.0
265,2016-11-30,SZ,0,3063.45,98333.0,,,0.0
266,2016-11-30,OW,1,2726.3,23026.0,1.0,0.0,0.0
267,2016-11-30,NW,0,2541.0,26417.0,,,0.0
268,2016-11-30,GL,0,3362.0,24584.0,,,0.0
269,2016-11-30,FR,0,3103.05,193603.0,,,0.0
270,2016-11-30,SO,0,3331.65,166200.0,,,0.0
271,2016-11-30,BS,0,4857.0,121641.0,,,0.0
272,2016-11-30,BL,0,3542.0,169564.0,,,0.0
273,2016-11-30,SH,1,3383.0,48813.0,0.0,0.0,0.0
274,2016-11-30,AR,0,3390.0,33434.0,,,0.0
275,2016-11-30,AI,0,2838.0,9527.0,,,0.0
276,2016-11-30,SG,0,3475.5,309354.0,,,0.0
277,2016-11-30,GR,0,3747.0,121002.0,,,0.0
278,2016-11-30,AG,0,3021.2,415503.0,,,0.0
279,2016-11-30,TG,0,3286.0,169396.0,,,0.0
280,2016-11-30,TI,0,4356.3,211291.0,,,0.0
281,2016-11-30,VD,1,4422.21,483842.0,0.0,1.0,0.0
282,2016-11-30,VS,0,2812.5,206913.0,,,0.0
283,2016-11-30,NE,0,3126.0,107176.0,,,0.0
284,2016-11-30,GE,0,4892.0,305371.0,,,0.0
285,2016-11-30,JU,0,4408.6,42677.0,,,0.0
286,2016-12-31,ZG,10,2361.0,78376.0,0.3,0.5,0.0
287,2016-12-31,ZH,6,4356.0,943505.0,0.17,0.83,0.0
288,2016-12-31,BE,0,3180.9,622339.0,,,0.0
289,2016-12-31,LU,0,2629.7,251486.0,,,0.0
290,2016-12-31,UR,0,3004.49,21652.0,,,0.0
291,2016-12-31,SZ,0,3063.45,98333.0,,,0.0
292,2016-12-31,OW,1,2726.3,23026.0,1.0,0.0,0.0
293,2016-12-31,NW,0,2541.0,26417.0,,,0.0
294,2016-12-31,GL,0,3362.0,24584.0,,,0.0
295,2016-12-31,FR,0,3103.05,193603.0,,,0.0
296,2016-12-31,SO,0,3331.65,166200.0,,,0.0
297,2016-12-31,BS,0,4857.0,121641.0,,,0.0
298,2016-12-31,BL,0,3542.0,169564.0,,,0.0
299,2016-12-31,SH,1,3383.0,48813.0,0.0,0.0,0.0
300,2016-12-31,AR,0,3390.0,33434.0,,,0.0
301,2016-12-31,AI,0,2838.0,9527.0,,,0.0
302,2016-12-31,SG,0,3475.5,309354.0,,,0.0
303,2016-12-31,GR,0,3747.0,121002.0,,,0.0
304,2016-12-31,AG,0,3021.2,415503.0,,,0.0
305,2016-12-31,TG,0,3286.0,169396.0,,,0.0
306,2016-12-31,TI,0,4356.3,211291.0,,,0.0
307,2016-12-31,VD,1,4422.21,483842.0,0.0,1.0,0.0
308,2016-12-31,VS,0,2812.5,206913.0,,,0.0
309,2016-12-31,NE,0,3126.0,107176.0,,,0.0
310,2016-12-31,GE,0,4892.0,305371.0,,,0.0
311,2016-12-31,JU,0,4408.6,42677.0,,,0.0
312,2017-01-31,ZG,10,2361.0,79087.0,0.3,0.5,0.0
313,2017-01-31,ZH,6,4356.0,952121.0,0.17,0.83,0.0
314,2017-01-31,BE,0,3180.9,622668.0,,,0.0
315,2017-01-31,LU,0,2629.7,252896.0,,,0.0
316,2017-01-31,UR,0,2990.19,21656.0,,,0.0
317,2017-01-31,SZ,0,3063.45,99111.0,,,0.0
318,2017-01-31,OW,1,2726.3,23079.0,1.0,0.0,0.0
319,2017-01-31,NW,0,2541.0,26620.0,,,0.0
320,2017-01-31,GL,0,3362.0,24631.0,,,0.0
321,2017-01-31,FR,0,3103.05,195404.0,,,0.0
322,2017-01-31,SO,0,3273.2,167169.0,,,0.0
323,2017-01-31,BS,0,4857.0,122052.0,,,0.0
324,2017-01-31,BL,0,3542.0,169687.0,,,0.0
325,2017-01-31,SH,1,3364.0,48973.0,0.0,0.0,0.0
326,2017-01-31,AR,0,3390.0,33438.0,,,0.0
327,2017-01-31,AI,0,2838.0,9613.0,,,0.0
328,2017-01-31,SG,0,3476.0,309810.0,,,0.0
329,2017-01-31,GR,0,3602.0,120638.0,,,0.0
330,2017-01-31,AG,0,3021.2,418619.0,,,0.0
331,2017-01-31,TG,0,3286.0,170831.0,,,0.0
332,2017-01-31,TI,0,4365.42,210041.0,,,0.0
333,2017-01-31,VD,1,4267.26,488905.0,0.0,1.0,0.0
334,2017-01-31,VS,0,2812.5,207639.0,,,0.0
335,2017-01-31,NE,0,3126.0,106567.0,,,0.0
336,2017-01-31,GE,0,4892.0,309359.0,,,0.0
337,2017-01-31,JU,0,4408.6,42657.0,,,0.0
338,2017-02-28,ZG,10,2361.0,79087.0,0.3,0.5,0.0
339,2017-02-28,ZH,6,4356.0,952121.0,0.17,0.83,0.0
340,2017-02-28,BE,0,3180.9,622668.0,,,0.0
341,2017-02-28,LU,0,2629.7,252896.0,,,0.0
342,2017-02-28,UR,0,2990.19,21656.0,,,0.0
343,2017-02-28,SZ,0,3063.45,99111.0,,,0.0
344,2017-02-28,OW,1,2726.3,23079.0,1.0,0.0,0.0
345,2017-02-28,NW,0,2541.0,26620.0,,,0.0
346,2017-02-28,GL,0,3362.0,24631.0,,,0.0
347,2017-02-28,FR,0,3103.05,195404.0,,,0.0
348,2017-02-28,SO,0,3273.2,167169.0,,,0.0
349,2017-02-28,BS,0,4857.0,122052.0,,,0.0
350,2017-02-28,BL,0,3542.0,169687.0,,,0.0
351,2017-02-28,SH,1,3364.0,48973.0,0.0,0.0,0.0
352,2017-02-28,AR,0,3390.0,33438.0,,,0.0
353,2017-02-28,AI,0,2838.0,9613.0,,,0.0
354,2017-02-28,SG,0,3476.0,309810.0,,,0.0
355,2017-02-28,GR,0,3602.0,120638.0,,,0.0
356,2017-02-28,AG,0,3021.2,418619.0,,,0.0
357,2017-02-28,TG,0,3286.0,170831.0,,,0.0
358,2017-02-28,TI,0,4365.42,210041.0,,,0.0
359,2017-02-28,VD,1,4267.26,488905.0,0.0,1.0,0.0
360,2017-02-28,VS,0,2812.5,207639.0,,,0.0
361,2017-02-28,NE,0,3126.0,106567.0,,,0.0
362,2017-02-28,GE,0,4892.0,309359.0,,,0.0
363,2017-02-28,JU,0,4408.6,42657.0,,,0.0
364,2017-03-31,ZG,10,2361.0,79087.0,0.3,0.5,0.0
365,2017-03-31,ZH,7,4356.0,952121.0,0.29,0.71,0.0
366,2017-03-31,BE,0,3180.9,622668.0,,,0.0
367,2017-03-31,LU,0,2629.7,252896.0,,,0.0
368,2017-03-31,UR,0,2990.19,21656.0,,,0.0
369,2017-03-31,SZ,0,3063.45,99111.0,,,0.0
370,2017-03-31,OW,1,2726.3,23079.0,1.0,0.0,0.0
371,2017-03-31,NW,0,2541.0,26620.0,,,0.0
372,2017-03-31,GL,0,3362.0,24631.0,,,0.0
373,2017-03-31,FR,0,3103.05,195404.0,,,0.0
374,2017-03-31,SO,0,3273.2,167169.0,,,0.0
375,2017-03-31,BS,0,4857.0,122052.0,,,0.0
376,2017-03-31,BL,0,3542.0,169687.0,,,0.0
377,2017-03-31,SH,1,3364.0,48973.0,0.0,0.0,0.0
378,2017-03-31,AR,0,3390.0,33438.0,,,0.0
379,2017-03-31,AI,0,2838.0,9613.0,,,0.0
380,2017-03-31,SG,0,3476.0,309810.0,,,0.0
381,2017-03-31,GR,0,3602.0,120638.0,,,0.0
382,2017-03-31,AG,0,3021.2,418619.0,,,0.0
383,2017-03-31,TG,0,3286.0,170831.0,,,0.0
384,2017-03-31,TI,0,4365.42,210041.0,,,0.0
385,2017-03-31,VD,1,4267.26,488905.0,0.0,1.0,0.0
386,2017-03-31,VS,0,2812.5,207639.0,,,0.0
387,2017-03-31,NE,0,3126.0,106567.0,,,0.0
388,2017-03-31,GE,0,4892.0,309359.0,,,0.0
389,2017-03-31,JU,0,4408.6,42657.0,,,0.0
390,2017-04-30,ZG,12,2361.0,79087.0,0.33,0.42,0.0
391,2017-04-30,ZH,7,4356.0,952121.0,0.29,0.71,0.0
392,2017-04-30,BE,0,3180.9,622668.0,,,0.0
393,2017-04-30,LU,0,2629.7,252896.0,,,0.0
394,2017-04-30,UR,0,2990.19,21656.0,,,0.0
395,2017-04-30,SZ,0,3063.45,99111.0,,,0.0
396,2017-04-30,OW,1,2726.3,23079.0,1.0,0.0,0.0
397,2017-04-30,NW,0,2541.0,26620.0,,,0.0
398,2017-04-30,GL,0,3362.0,24631.0,,,0.0
399,2017-04-30,FR,0,3103.05,195404.0,,,0.0
400,2017-04-30,SO,0,3273.2,167169.0,,,0.0
401,2017-04-30,BS,0,4857.0,122052.0,,,0.0
402,2017-04-30,BL,0,3542.0,169687.0,,,0.0
403,2017-04-30,SH,1,3364.0,48973.0,0.0,0.0,0.0
404,2017-04-30,AR,0,3390.0,33438.0,,,0.0
405,2017-04-30,AI,0,2838.0,9613.0,,,0.0
406,2017-04-30,SG,0,3476.0,309810.0,,,0.0
407,2017-04-30,GR,0,3602.0,120638.0,,,0.0
408,2017-04-30,AG,0,3021.2,418619.0,,,0.0
409,2017-04-30,TG,0,3286.0,170831.0,,,0.0
410,2017-04-30,TI,1,4365.42,210041.0,0.0,0.0,0.0
411,2017-04-30,VD,1,4267.26,488905.0,0.0,1.0,0.0
412,2017-04-30,VS,0,2812.5,207639.0,,,0.0
413,2017-04-30,NE,0,3126.0,106567.0,,,0.0
414,2017-04-30,GE,0,4892.0,309359.0,,,0.0
415,2017-04-30,JU,0,4408.6,42657.0,,,0.0
416,2017-05-31,ZG,13,2361.0,79087.0,0.38,0.38,0.0
417,2017-05-31,ZH,8,4356.0,952121.0,0.25,0.62,0.0
418,2017-05-31,BE,0,3180.9,622668.0,,,0.0
419,2017-05-31,LU,0,2629.7,252896.0,,,0.0
420,2017-05-31,UR,0,2990.19,21656.0,,,0.0
421,2017-05-31,SZ,0,3063.45,99111.0,,,0.0
422,2017-05-31,OW,1,2726.3,23079.0,1.0,0.0,0.0
423,2017-05-31,NW,0,2541.0,26620.0,,,0.0
424,2017-05-31,GL,0,3362.0,24631.0,,,0.0
425,2017-05-31,FR,0,3103.05,195404.0,,,0.0
426,2017-05-31,SO,0,3273.2,167169.0,,,0.0
427,2017-05-31,BS,0,4857.0,122052.0,,,0.0
428,2017-05-31,BL,0,3542.0,169687.0,,,0.0
429,2017-05-31,SH,1,3364.0,48973.0,0.0,0.0,0.0
430,2017-05-31,AR,0,3390.0,33438.0,,,0.0
431,2017-05-31,AI,0,2838.0,9613.0,,,0.0
432,2017-05-31,SG,0,3476.0,309810.0,,,0.0
433,2017-05-31,GR,1,3602.0,120638.0,1.0,0.0,0.0
434,2017-05-31,AG,0,3021.2,418619.0,,,0.0
435,2017-05-31,TG,0,3286.0,170831.0,,,0.0
436,2017-05-31,TI,1,4365.42,210041.0,0.0,0.0,0.0
437,2017-05-31,VD,1,4267.26,488905.0,0.0,1.0,0.0
438,2017-05-31,VS,0,2812.5,207639.0,,,0.0
439,2017-05-31,NE,0,3126.0,106567.0,,,0.0
440,2017-05-31,GE,0,4892.0,309359.0,,,0.0
441,2017-05-31,JU,0,4408.6,42657.0,,,0.0
442,2017-06-30,ZG,16,2361.0,79087.0,0.44,0.38,0.0
443,2017-06-30,ZH,8,4356.0,952121.0,0.25,0.62,0.0
444,2017-06-30,BE,0,3180.9,622668.0,,,0.0
445,2017-06-30,LU,0,2629.7,252896.0,,,0.0
446,2017-06-30,UR,0,2990.19,21656.0,,,0.0
447,2017-06-30,SZ,0,3063.45,99111.0,,,0.0
448,2017-06-30,OW,1,2726.3,23079.0,1.0,0.0,0.0
449,2017-06-30,NW,0,2541.0,26620.0,,,0.0
450,2017-06-30,GL,0,3362.0,24631.0,,,0.0
451,2017-06-30,FR,0,3103.05,195404.0,,,0.0
452,2017-06-30,SO,0,3273.2,167169.0,,,0.0
453,2017-06-30,BS,0,4857.0,122052.0,,,0.0
454,2017-06-30,BL,0,3542.0,169687.0,,,0.0
455,2017-06-30,SH,1,3364.0,48973.0,0.0,0.0,0.0
456,2017-06-30,AR,0,3390.0,33438.0,,,0.0
457,2017-06-30,AI,0,2838.0,9613.0,,,0.0
458,2017-06-30,SG,0,3476.0,309810.0,,,0.0
459,2017-06-30,GR,1,3602.0,120638.0,1.0,0.0,0.0
460,2017-06-30,AG,0,3021.2,418619.0,,,0.0
461,2017-06-30,TG,0,3286.0,170831.0,,,0.0
462,2017-06-30,TI,1,4365.42,210041.0,0.0,0.0,0.0
463,2017-06-30,VD,1,4267.26,488905.0,0.0,1.0,0.0
464,2017-06-30,VS,0,2812.5,207639.0,,,0.0
465,2017-06-30,NE,0,3126.0,106567.0,,,0.0
466,2017-06-30,GE,0,4892.0,309359.0,,,0.0
467,2017-06-30,JU,0,4408.6,42657.0,,,0.0
468,2017-07-31,ZG,17,2361.0,79087.0,0.47,0.35,0.0
469,2017-07-31,ZH,8,4356.0,952121.0,0.25,0.62,0.0
470,2017-07-31,BE,0,3180.9,622668.0,,,0.0
471,2017-07-31,LU,0,2629.7,252896.0,,,0.0
472,2017-07-31,UR,0,2990.19,21656.0,,,0.0
473,2017-07-31,SZ,0,3063.45,99111.0,,,0.0
474,2017-07-31,OW,1,2726.3,23079.0,1.0,0.0,0.0
475,2017-07-31,NW,0,2541.0,26620.0,,,0.0
476,2017-07-31,GL,0,3362.0,24631.0,,,0.0
477,2017-07-31,FR,0,3103.05,195404.0,,,0.0
478,2017-07-31,SO,0,3273.2,167169.0,,,0.0
479,2017-07-31,BS,0,4857.0,122052.0,,,0.0
480,2017-07-31,BL,0,3542.0,169687.0,,,0.0
481,2017-07-31,SH,1,3364.0,48973.0,0.0,0.0,0.0
482,2017-07-31,AR,0,3390.0,33438.0,,,0.0
483,2017-07-31,AI,0,2838.0,9613.0,,,0.0
484,2017-07-31,SG,0,3476.0,309810.0,,,0.0
485,2017-07-31,GR,1,3602.0,120638.0,1.0,0.0,0.0
486,2017-07-31,AG,0,3021.2,418619.0,,,0.0
487,2017-07-31,TG,0,3286.0,170831.0,,,0.0
488,2017-07-31,TI,2,4365.42,210041.0,0.0,0.5,0.0
489,2017-07-31,VD,1,4267.26,488905.0,0.0,1.0,0.0
490,2017-07-31,VS,0,2812.5,207639.0,,,0.0
491,2017-07-31,NE,0,3126.0,106567.0,,,0.0
492,2017-07-31,GE,0,4892.0,309359.0,,,0.0
493,2017-07-31,JU,0,4408.6,42657.0,,,0.0
494,2017-08-31,ZG,17,2361.0,79087.0,0.47,0.35,0.0
495,2017-08-31,ZH,8,4356.0,952121.0,0.25,0.62,0.0
496,2017-08-31,BE,0,3180.9,622668.0,,,0.0
497,2017-08-31,LU,1,2629.7,252896.0,1.0,0.0,0.0
498,2017-08-31,UR,0,2990.19,21656.0,,,0.0
499,2017-08-31,SZ,0,3063.45,99111.0,,,0.0
500,2017-08-31,OW,1,2726.3,23079.0,1.0,0.0,0.0
501,2017-08-31,NW,0,2541.0,26620.0,,,0.0
502,2017-08-31,GL,0,3362.0,24631.0,,,0.0
503,2017-08-31,FR,0,3103.05,195404.0,,,0.0
504,2017-08-31,SO,0,3273.2,167169.0,,,0.0
505,2017-08-31,BS,0,4857.0,122052.0,,,0.0
506,2017-08-31,BL,0,3542.0,169687.0,,,0.0
507,2017-08-31,SH,1,3364.0,48973.0,0.0,0.0,0.0
508,2017-08-31,AR,0,3390.0,33438.0,,,0.0
509,2017-08-31,AI,0,2838.0,9613.0,,,0.0
510,2017-08-31,SG,0,3476.0,309810.0,,,0.0
511,2017-08-31,GR,1,3602.0,120638.0,1.0,0.0,0.0
512,2017-08-31,AG,0,3021.2,418619.0,,,0.0
513,2017-08-31,TG,0,3286.0,170831.0,,,0.0
514,2017-08-31,TI,2,4365.42,210041.0,0.0,0.5,0.0
515,2017-08-31,VD,1,4267.26,488905.0,0.0,1.0,0.0
516,2017-08-31,VS,0,2812.5,207639.0,,,0.0
517,2017-08-31,NE,0,3126.0,106567.0,,,0.0
518,2017-08-31,GE,0,4892.0,309359.0,,,0.0
519,2017-08-31,JU,0,4408.6,42657.0,,,0.0
520,2017-09-30,ZG,18,2361.0,79087.0,0.44,0.33,0.0
521,2017-09-30,ZH,8,4356.0,952121.0,0.25,0.62,0.0
522,2017-09-30,BE,0,3180.9,622668.0,,,0.0
523,2017-09-30,LU,1,2629.7,252896.0,1.0,0.0,0.0
524,2017-09-30,UR,0,2990.19,21656.0,,,0.0
525,2017-09-30,SZ,0,3063.45,99111.0,,,0.0
526,2017-09-30,OW,1,2726.3,23079.0,1.0,0.0,0.0
527,2017-09-30,NW,0,2541.0,26620.0,,,0.0
528,2017-09-30,GL,0,3362.0,24631.0,,,0.0
529,2017-09-30,FR,0,3103.05,195404.0,,,0.0
530,2017-09-30,SO,0,3273.2,167169.0,,,0.0
531,2017-09-30,BS,0,4857.0,122052.0,,,0.0
532,2017-09-30,BL,0,3542.0,169687.0,,,0.0
533,2017-09-30,SH,1,3364.0,48973.0,0.0,0.0,0.0
534,2017-09-30,AR,0,3390.0,33438.0,,,0.0
535,2017-09-30,AI,0,2838.0,9613.0,,,0.0
536,2017-09-30,SG,0,3476.0,309810.0,,,0.0
537,2017-09-30,GR,1,3602.0,120638.0,1.0,0.0,0.0
538,2017-09-30,AG,0,3021.2,418619.0,,,0.0
539,2017-09-30,TG,0,3286.0,170831.0,,,0.0
540,2017-09-30,TI,2,4365.42,210041.0,0.0,0.5,0.0
541,2017-09-30,VD,1,4267.26,488905.0,0.0,1.0,0.0
542,2017-09-30,VS,0,2812.5,207639.0,,,0.0
543,2017-09-30,NE,0,3126.0,106567.0,,,0.0
544,2017-09-30,GE,1,4892.0,309359.0,1.0,0.0,0.0
545,2017-09-30,JU,0,4408.6,42657.0,,,0.0
546,2017-10-31,ZG,22,2361.0,79087.0,0.45,0.36,0.0
547,2017-10-31,ZH,10,4356.0,952121.0,0.2,0.7,0.0
548,2017-10-31,BE,0,3180.9,622668.0,,,0.0
549,2017-10-31,LU,1,2629.7,252896.0,1.0,0.0,0.0
550,2017-10-31,UR,0,2990.19,21656.0,,,0.0
551,2017-10-31,SZ,0,3063.45,99111.0,,,0.0
552,2017-10-31,OW,1,2726.3,23079.0,1.0,0.0,0.0
553,2017-10-31,NW,0,2541.0,26620.0,,,0.0
554,2017-10-31,GL,0,3362.0,24631.0,,,0.0
555,2017-10-31,FR,0,3103.05,195404.0,,,0.0
556,2017-10-31,SO,0,3273.2,167169.0,,,0.0
557,2017-10-31,BS,0,4857.0,122052.0,,,0.0
558,2017-10-31,BL,0,3542.0,169687.0,,,0.0
559,2017-10-31,SH,1,3364.0,48973.0,0.0,0.0,0.0
560,2017-10-31,AR,0,3390.0,33438.0,,,0.0
561,2017-10-31,AI,0,2838.0,9613.0,,,0.0
562,2017-10-31,SG,0,3476.0,309810.0,,,0.0
563,2017-10-31,GR,1,3602.0,120638.0,1.0,0.0,0.0
564,2017-10-31,AG,0,3021.2,418619.0,,,0.0
565,2017-10-31,TG,0,3286.0,170831.0,,,0.0
566,2017-10-31,TI,2,4365.42,210041.0,0.0,0.5,0.0
567,2017-10-31,VD,1,4267.26,488905.0,0.0,1.0,0.0
568,2017-10-31,VS,0,2812.5,207639.0,,,0.0
569,2017-10-31,NE,0,3126.0,106567.0,,,0.0
570,2017-10-31,GE,1,4892.0,309359.0,1.0,0.0,0.0
571,2017-10-31,JU,0,4408.6,42657.0,,,0.0
572,2017-11-30,ZG,25,2361.0,79087.0,0.44,0.36,0.0
573,2017-11-30,ZH,11,4356.0,952121.0,0.27,0.64,0.0
574,2017-11-30,BE,0,3180.9,622668.0,,,0.0
575,2017-11-30,LU,1,2629.7,252896.0,1.0,0.0,0.0
576,2017-11-30,UR,0,2990.19,21656.0,,,0.0
577,2017-11-30,SZ,0,3063.45,99111.0,,,0.0
578,2017-11-30,OW,1,2726.3,23079.0,1.0,0.0,0.0
579,2017-11-30,NW,0,2541.0,26620.0,,,0.0
580,2017-11-30,GL,0,3362.0,24631.0,,,0.0
581,2017-11-30,FR,0,3103.05,195404.0,,,0.0
582,2017-11-30,SO,0,3273.2,167169.0,,,0.0
583,2017-11-30,BS,0,4857.0,122052.0,,,0.0
584,2017-11-30,BL,0,3542.0,169687.0,,,0.0
585,2017-11-30,SH,1,3364.0,48973.0,0.0,0.0,0.0
586,2017-11-30,AR,0,3390.0,33438.0,,,0.0
587,2017-11-30,AI,0,2838.0,9613.0,,,0.0
588,2017-11-30,SG,0,3476.0,309810.0,,,0.0
589,2017-11-30,GR,1,3602.0,120638.0,1.0,0.0,0.0
590,2017-11-30,AG,0,3021.2,418619.0,,,0.0
591,2017-11-30,TG,0,3286.0,170831.0,,,0.0
592,2017-11-30,TI,2,4365.42,210041.0,0.0,0.5,0.0
593,2017-11-30,VD,2,4267.26,488905.0,0.5,0.5,0.0
594,2017-11-30,VS,0,2812.5,207639.0,,,0.0
595,2017-11-30,NE,0,3126.0,106567.0,,,0.0
596,2017-11-30,GE,1,4892.0,309359.0,1.0,0.0,0.0
597,2017-11-30,JU,0,4408.6,42657.0,,,0.0
598,2017-12-31,ZG,30,2361.0,79087.0,0.43,0.4,0.0
599,2017-12-31,ZH,12,4356.0,952121.0,0.25,0.58,0.0
600,2017-12-31,BE,1,3180.9,622668.0,0.0,0.0,0.0
601,2017-12-31,LU,1,2629.7,252896.0,1.0,0.0,0.0
602,2017-12-31,UR,1,2990.19,21656.0,0.0,0.0,0.0
603,2017-12-31,SZ,0,3063.45,99111.0,,,0.0
604,2017-12-31,OW,1,2726.3,23079.0,1.0,0.0,0.0
605,2017-12-31,NW,0,2541.0,26620.0,,,0.0
606,2017-12-31,GL,0,3362.0,24631.0,,,0.0
607,2017-12-31,FR,0,3103.05,195404.0,,,0.0
608,2017-12-31,SO,0,3273.2,167169.0,,,0.0
609,2017-12-31,BS,0,4857.0,122052.0,,,0.0
610,2017-12-31,BL,0,3542.0,169687.0,,,0.0
611,2017-12-31,SH,1,3364.0,48973.0,0.0,0.0,0.0
612,2017-12-31,AR,0,3390.0,33438.0,,,0.0
613,2017-12-31,AI,0,2838.0,9613.0,,,0.0
614,2017-12-31,SG,0,3476.0,309810.0,,,0.0
615,2017-12-31,GR,1,3602.0,120638.0,1.0,0.0,0.0
616,2017-12-31,AG,0,3021.2,418619.0,,,0.0
617,2017-12-31,TG,0,3286.0,170831.0,,,0.0
618,2017-12-31,TI,2,4365.42,210041.0,0.0,0.5,0.0
619,2017-12-31,VD,2,4267.26,488905.0,0.5,0.5,0.0
620,2017-12-31,VS,0,2812.5,207639.0,,,0.0
621,2017-12-31,NE,0,3126.0,106567.0,,,0.0
622,2017-12-31,GE,1,4892.0,309359.0,1.0,0.0,0.0
623,2017-12-31,JU,0,4408.6,42657.0,,,0.0
624,2018-01-31,ZG,32,2361.5,79597.0,0.44,0.41,0.0
625,2018-01-31,ZH,12,4356.0,962059.0,0.25,0.58,0.0
626,2018-01-31,BE,1,3180.9,622412.0,0.0,0.0,0.0
627,2018-01-31,LU,1,2629.7,254126.0,1.0,0.0,0.0
628,2018-01-31,UR,1,2982.3,21651.0,0.0,0.0,0.0
629,2018-01-31,SZ,0,3043.85,99947.0,,,0.0
630,2018-01-31,OW,1,2726.3,23100.0,1.0,0.0,0.0
631,2018-01-31,NW,0,2541.0,26552.0,,,0.0
632,2018-01-31,GL,0,3357.0,24566.0,,,0.0
633,2018-01-31,FR,0,3103.05,197382.0,,,0.0
634,2018-01-31,SO,0,3256.5,167704.0,,,0.0
635,2018-01-31,BS,0,4857.0,122466.0,,,0.0
636,2018-01-31,BL,0,3542.0,169597.0,,,0.0
637,2018-01-31,SH,1,3327.0,49233.0,0.0,0.0,0.0
638,2018-01-31,AR,0,3390.0,33220.0,,,0.0
639,2018-01-31,AI,0,2838.0,9630.0,,,0.0
640,2018-01-31,SG,0,3476.0,310799.0,,,0.0
641,2018-01-31,GR,1,3635.0,120386.0,1.0,0.0,0.0
642,2018-01-31,AG,0,3021.2,421254.0,,,0.0
643,2018-01-31,TG,0,3286.0,171646.0,,,0.0
644,2018-01-31,TI,3,4340.75,209350.0,0.0,0.67,0.0
645,2018-01-31,VD,2,4267.26,492075.0,0.5,0.5,0.0
646,2018-01-31,VS,0,2812.5,208500.0,,,0.0
647,2018-01-31,NE,0,3126.0,105812.0,,,0.0
648,2018-01-31,GE,1,4892.0,312012.0,1.0,0.0,0.0
649,2018-01-31,JU,0,4403.55,42692.0,,,0.0
650,2018-02-28,ZG,37,2361.5,79597.0,0.43,0.41,0.0
651,2018-02-28,ZH,13,4356.0,962059.0,0.31,0.54,0.0
652,2018-02-28,BE,1,3180.9,622412.0,0.0,0.0,0.0
653,2018-02-28,LU,1,2629.7,254126.0,1.0,0.0,0.0
654,2018-02-28,UR,1,2982.3,21651.0,0.0,0.0,0.0
655,2018-02-28,SZ,0,3043.85,99947.0,,,0.0
656,2018-02-28,OW,1,2726.3,23100.0,1.0,0.0,0.0
657,2018-02-28,NW,0,2541.0,26552.0,,,0.0
658,2018-02-28,GL,0,3357.0,24566.0,,,0.0
659,2018-02-28,FR,0,3103.05,197382.0,,,0.0
660,2018-02-28,SO,0,3256.5,167704.0,,,0.0
661,2018-02-28,BS,0,4857.0,122466.0,,,0.0
662,2018-02-28,BL,0,3542.0,169597.0,,,0.0
663,2018-02-28,SH,1,3327.0,49233.0,0.0,0.0,0.0
664,2018-02-28,AR,0,3390.0,33220.0,,,0.0
665,2018-02-28,AI,0,2838.0,9630.0,,,0.0
666,2018-02-28,SG,0,3476.0,310799.0,,,0.0
667,2018-02-28,GR,1,3635.0,120386.0,1.0,0.0,0.0
668,2018-02-28,AG,0,3021.2,421254.0,,,0.0
669,2018-02-28,TG,0,3286.0,171646.0,,,0.0
670,2018-02-28,TI,4,4340.75,209350.0,0.0,0.5,0.0
671,2018-02-28,VD,2,4267.26,492075.0,0.5,0.5,0.0
672,2018-02-28,VS,0,2812.5,208500.0,,,0.0
673,2018-02-28,NE,0,3126.0,105812.0,,,0.0
674,2018-02-28,GE,1,4892.0,312012.0,1.0,0.0,0.0
675,2018-02-28,JU,0,4403.55,42692.0,,,0.0
676,2018-03-31,ZG,40,2361.5,79597.0,0.48,0.38,0.0
677,2018-03-31,ZH,15,4356.0,962059.0,0.27,0.6,0.0
678,2018-03-31,BE,1,3180.9,622412.0,0.0,0.0,0.0
679,2018-03-31,LU,1,2629.7,254126.0,1.0,0.0,0.0
680,2018-03-31,UR,1,2982.3,21651.0,0.0,0.0,0.0
681,2018-03-31,SZ,1,3043.85,99947.0,1.0,0.0,0.0
682,2018-03-31,OW,1,2726.3,23100.0,1.0,0.0,0.0
683,2018-03-31,NW,0,2541.0,26552.0,,,0.0
684,2018-03-31,GL,0,3357.0,24566.0,,,0.0
685,2018-03-31,FR,0,3103.05,197382.0,,,0.0
686,2018-03-31,SO,0,3256.5,167704.0,,,0.0
687,2018-03-31,BS,0,4857.0,122466.0,,,0.0
688,2018-03-31,BL,0,3542.0,169597.0,,,0.0
689,2018-03-31,SH,1,3327.0,49233.0,0.0,0.0,0.0
690,2018-03-31,AR,0,3390.0,33220.0,,,0.0
691,2018-03-31,AI,0,2838.0,9630.0,,,0.0
692,2018-03-31,SG,0,3476.0,310799.0,,,0.0
693,2018-03-31,GR,1,3635.0,120386.0,1.0,0.0,0.0
694,2018-03-31,AG,0,3021.2,421254.0,,,0.0
695,2018-03-31,TG,0,3286.0,171646.0,,,0.0
696,2018-03-31,TI,4,4340.75,209350.0,0.0,0.5,0.0
697,2018-03-31,VD,2,4267.26,492075.0,0.5,0.5,0.0
698,2018-03-31,VS,0,2812.5,208500.0,,,0.0
699,2018-03-31,NE,0,3126.0,105812.0,,,0.0
700,2018-03-31,GE,1,4892.0,312012.0,1.0,0.0,0.0
701,2018-03-31,JU,0,4403.55,42692.0,,,0.0
702,2018-04-30,ZG,43,2361.5,79597.0,0.47,0.35,0.0
703,2018-04-30,ZH,17,4356.0,962059.0,0.35,0.53,0.0
704,2018-04-30,BE,1,3180.9,622412.0,0.0,0.0,0.0
705,2018-04-30,LU,1,2629.7,254126.0,1.0,0.0,0.0
706,2018-04-30,UR,1,2982.3,21651.0,0.0,0.0,0.0
707,2018-04-30,SZ,2,3043.85,99947.0,1.0,0.0,0.0
708,2018-04-30,OW,1,2726.3,23100.0,1.0,0.0,0.0
709,2018-04-30,NW,0,2541.0,26552.0,,,0.0
710,2018-04-30,GL,0,3357.0,24566.0,,,0.0
711,2018-04-30,FR,0,3103.05,197382.0,,,0.0
712,2018-04-30,SO,0,3256.5,167704.0,,,0.0
713,2018-04-30,BS,0,4857.0,122466.0,,,0.0
714,2018-04-30,BL,0,3542.0,169597.0,,,0.0
715,2018-04-30,SH,1,3327.0,49233.0,0.0,0.0,0.0
716,2018-04-30,AR,0,3390.0,33220.0,,,0.0
717,2018-04-30,AI,0,2838.0,9630.0,,,0.0
718,2018-04-30,SG,0,3476.0,310799.0,,,0.0
719,2018-04-30,GR,1,3635.0,120386.0,1.0,0.0,0.0
720,2018-04-30,AG,0,3021.2,421254.0,,,0.0
721,2018-04-30,TG,0,3286.0,171646.0,,,0.0
722,2018-04-30,TI,6,4340.75,209350.0,0.0,0.5,0.0
723,2018-04-30,VD,2,4267.26,492075.0,0.5,0.5,0.0
724,2018-04-30,VS,0,2812.5,208500.0,,,0.0
725,2018-04-30,NE,0,3126.0,105812.0,,,0.0
726,2018-04-30,GE,3,4892.0,312012.0,1.0,0.0,0.0
727,2018-04-30,JU,0,4403.55,42692.0,,,0.0
728,2018-05-31,ZG,48,2361.5,79597.0,0.48,0.33,0.0
729,2018-05-31,ZH,18,4356.0,962059.0,0.39,0.5,0.0
730,2018-05-31,BE,1,3180.9,622412.0,0.0,0.0,0.0
731,2018-05-31,LU,1,2629.7,254126.0,1.0,0.0,0.0
732,2018-05-31,UR,1,2982.3,21651.0,0.0,0.0,0.0
733,2018-05-31,SZ,2,3043.85,99947.0,1.0,0.0,0.0
734,2018-05-31,OW,1,2726.3,23100.0,1.0,0.0,0.0
735,2018-05-31,NW,0,2541.0,26552.0,,,0.0
736,2018-05-31,GL,0,3357.0,24566.0,,,0.0
737,2018-05-31,FR,0,3103.05,197382.0,,,0.0
738,2018-05-31,SO,0,3256.5,167704.0,,,0.0
739,2018-05-31,BS,0,4857.0,122466.0,,,0.0
740,2018-05-31,BL,0,3542.0,169597.0,,,0.0
741,2018-05-31,SH,1,3327.0,49233.0,0.0,0.0,0.0
742,2018-05-31,AR,0,3390.0,33220.0,,,0.0
743,2018-05-31,AI,0,2838.0,9630.0,,,0.0
744,2018-05-31,SG,0,3476.0,310799.0,,,0.0
745,2018-05-31,GR,1,3635.0,120386.0,1.0,0.0,0.0
746,2018-05-31,AG,0,3021.2,421254.0,,,0.0
747,2018-05-31,TG,0,3286.0,171646.0,,,0.0
748,2018-05-31,TI,8,4340.75,209350.0,0.0,0.5,0.0
749,2018-05-31,VD,3,4267.26,492075.0,0.67,0.33,0.0
750,2018-05-31,VS,0,2812.5,208500.0,,,0.0
751,2018-05-31,NE,0,3126.0,105812.0,,,0.0
752,2018-05-31,GE,3,4892.0,312012.0,1.0,0.0,0.0
753,2018-05-31,JU,0,4403.55,42692.0,,,0.0
754,2018-06-30,ZG,54,2361.5,79597.0,0.43,0.39,0.0
755,2018-06-30,ZH,18,4356.0,962059.0,0.39,0.5,0.0
756,2018-06-30,BE,1,3180.9,622412.0,0.0,0.0,0.0
757,2018-06-30,LU,1,2629.7,254126.0,1.0,0.0,0.0
758,2018-06-30,UR,1,2982.3,21651.0,0.0,0.0,0.0
759,2018-06-30,SZ,2,3043.85,99947.0,1.0,0.0,0.0
760,2018-06-30,OW,1,2726.3,23100.0,1.0,0.0,0.0
761,2018-06-30,NW,0,2541.0,26552.0,,,0.0
762,2018-06-30,GL,0,3357.0,24566.0,,,0.0
763,2018-06-30,FR,0,3103.05,197382.0,,,0.0
764,2018-06-30,SO,0,3256.5,167704.0,,,0.0
765,2018-06-30,BS,0,4857.0,122466.0,,,0.0
766,2018-06-30,BL,0,3542.0,169597.0,,,0.0
767,2018-06-30,SH,1,3327.0,49233.0,0.0,0.0,0.0
768,2018-06-30,AR,0,3390.0,33220.0,,,0.0
769,2018-06-30,AI,0,2838.0,9630.0,,,0.0
770,2018-06-30,SG,1,3476.0,310799.0,1.0,0.0,0.0
771,2018-06-30,GR,1,3635.0,120386.0,1.0,0.0,0.0
772,2018-06-30,AG,0,3021.2,421254.0,,,0.0
773,2018-06-30,TG,0,3286.0,171646.0,,,0.0
774,2018-06-30,TI,9,4340.75,209350.0,0.11,0.44,0.0
775,2018-06-30,VD,3,4267.26,492075.0,0.67,0.33,0.0
776,2018-06-30,VS,0,2812.5,208500.0,,,0.0
777,2018-06-30,NE,0,3126.0,105812.0,,,0.0
778,2018-06-30,GE,3,4892.0,312012.0,1.0,0.0,0.0
779,2018-06-30,JU,0,4403.55,42692.0,,,0.0
780,2018-07-31,ZG,54,2361.5,79597.0,0.43,0.39,0.0
781,2018-07-31,ZH,20,4356.0,962059.0,0.45,0.45,0.0
782,2018-07-31,BE,2,3180.9,622412.0,0.0,0.0,0.0
783,2018-07-31,LU,1,2629.7,254126.0,1.0,0.0,0.0
784,2018-07-31,UR,1,2982.3,21651.0,0.0,0.0,0.0
785,2018-07-31,SZ,2,3043.85,99947.0,1.0,0.0,0.0
786,2018-07-31,OW,1,2726.3,23100.0,1.0,0.0,0.0
787,2018-07-31,NW,0,2541.0,26552.0,,,0.0
788,2018-07-31,GL,0,3357.0,24566.0,,,0.0
789,2018-07-31,FR,0,3103.05,197382.0,,,0.0
790,2018-07-31,SO,0,3256.5,167704.0,,,0.0
791,2018-07-31,BS,0,4857.0,122466.0,,,0.0
792,2018-07-31,BL,0,3542.0,169597.0,,,0.0
793,2018-07-31,SH,1,3327.0,49233.0,0.0,0.0,0.0
794,2018-07-31,AR,0,3390.0,33220.0,,,0.0
795,2018-07-31,AI,0,2838.0,9630.0,,,0.0
796,2018-07-31,SG,1,3476.0,310799.0,1.0,0.0,0.0
797,2018-07-31,GR,1,3635.0,120386.0,1.0,0.0,0.0
798,2018-07-31,AG,0,3021.2,421254.0,,,0.0
799,2018-07-31,TG,0,3286.0,171646.0,,,0.0
800,2018-07-31,TI,9,4340.75,209350.0,0.11,0.44,0.0
801,2018-07-31,VD,3,4267.26,492075.0,0.67,0.33,0.0
802,2018-07-31,VS,0,2812.5,208500.0,,,0.0
803,2018-07-31,NE,0,3126.0,105812.0,,,0.0
804,2018-07-31,GE,4,4892.0,312012.0,1.0,0.0,0.0
805,2018-07-31,JU,0,4403.55,42692.0,,,0.0
806,2018-08-31,ZG,56,2361.5,79597.0,0.41,0.41,0.0
807,2018-08-31,ZH,21,4356.0,962059.0,0.48,0.43,0.0
808,2018-08-31,BE,2,3180.9,622412.0,0.0,0.0,0.0
809,2018-08-31,LU,1,2629.7,254126.0,1.0,0.0,0.0
810,2018-08-31,UR,1,2982.3,21651.0,0.0,0.0,0.0
811,2018-08-31,SZ,2,3043.85,99947.0,1.0,0.0,0.0
812,2018-08-31,OW,1,2726.3,23100.0,1.0,0.0,0.0
813,2018-08-31,NW,0,2541.0,26552.0,,,0.0
814,2018-08-31,GL,0,3357.0,24566.0,,,0.0
815,2018-08-31,FR,0,3103.05,197382.0,,,0.0
816,2018-08-31,SO,0,3256.5,167704.0,,,0.0
817,2018-08-31,BS,0,4857.0,122466.0,,,0.0
818,2018-08-31,BL,0,3542.0,169597.0,,,0.0
819,2018-08-31,SH,1,3327.0,49233.0,0.0,0.0,0.0
820,2018-08-31,AR,0,3390.0,33220.0,,,0.0
821,2018-08-31,AI,0,2838.0,9630.0,,,0.0
822,2018-08-31,SG,1,3476.0,310799.0,1.0,0.0,0.0
823,2018-08-31,GR,1,3635.0,120386.0,1.0,0.0,0.0
824,2018-08-31,AG,0,3021.2,421254.0,,,0.0
825,2018-08-31,TG,0,3286.0,171646.0,,,0.0
826,2018-08-31,TI,11,4340.75,209350.0,0.09,0.45,0.0
827,2018-08-31,VD,3,4267.26,492075.0,0.67,0.33,0.0
828,2018-08-31,VS,0,2812.5,208500.0,,,0.0
829,2018-08-31,NE,0,3126.0,105812.0,,,0.0
830,2018-08-31,GE,4,4892.0,312012.0,1.0,0.0,0.0
831,2018-08-31,JU,0,4403.55,42692.0,,,0.0
832,2018-09-30,ZG,57,2361.5,79597.0,0.4,0.42,0.0
833,2018-09-30,ZH,21,4356.0,962059.0,0.48,0.43,0.0
834,2018-09-30,BE,2,3180.9,622412.0,0.0,0.0,0.0
835,2018-09-30,LU,1,2629.7,254126.0,1.0,0.0,0.0
836,2018-09-30,UR,1,2982.3,21651.0,0.0,0.0,0.0
837,2018-09-30,SZ,3,3043.85,99947.0,0.67,0.33,0.0
838,2018-09-30,OW,1,2726.3,23100.0,1.0,0.0,0.0
839,2018-09-30,NW,0,2541.0,26552.0,,,0.0
840,2018-09-30,GL,0,3357.0,24566.0,,,0.0
841,2018-09-30,FR,0,3103.05,197382.0,,,0.0
842,2018-09-30,SO,0,3256.5,167704.0,,,0.0
843,2018-09-30,BS,0,4857.0,122466.0,,,0.0
844,2018-09-30,BL,0,3542.0,169597.0,,,0.0
845,2018-09-30,SH,1,3327.0,49233.0,0.0,0.0,0.0
846,2018-09-30,AR,0,3390.0,33220.0,,,0.0
847,2018-09-30,AI,0,2838.0,9630.0,,,0.0
848,2018-09-30,SG,1,3476.0,310799.0,1.0,0.0,0.0
849,2018-09-30,GR,1,3635.0,120386.0,1.0,0.0,0.0
850,2018-09-30,AG,0,3021.2,421254.0,,,0.0
851,2018-09-30,TG,0,3286.0,171646.0,,,0.0
852,2018-09-30,TI,11,4340.75,209350.0,0.09,0.45,0.0
853,2018-09-30,VD,3,4267.26,492075.0,0.67,0.33,0.0
854,2018-09-30,VS,0,2812.5,208500.0,,,0.0
855,2018-09-30,NE,0,3126.0,105812.0,,,0.0
856,2018-09-30,GE,5,4892.0,312012.0,1.0,0.0,0.0
857,2018-09-30,JU,0,4403.55,42692.0,,,0.0
858,2018-10-31,ZG,57,2361.5,79597.0,0.4,0.42,0.0
859,2018-10-31,ZH,22,4356.0,962059.0,0.5,0.41,0.0
860,2018-10-31,BE,2,3180.9,622412.0,0.0,0.0,0.0
861,2018-10-31,LU,1,2629.7,254126.0,1.0,0.0,0.0
862,2018-10-31,UR,1,2982.3,21651.0,0.0,0.0,0.0
863,2018-10-31,SZ,3,3043.85,99947.0,0.67,0.33,0.0
864,2018-10-31,OW,1,2726.3,23100.0,1.0,0.0,0.0
865,2018-10-31,NW,0,2541.0,26552.0,,,0.0
866,2018-10-31,GL,0,3357.0,24566.0,,,0.0
867,2018-10-31,FR,0,3103.05,197382.0,,,0.0
868,2018-10-31,SO,0,3256.5,167704.0,,,0.0
869,2018-10-31,BS,0,4857.0,122466.0,,,0.0
870,2018-10-31,BL,0,3542.0,169597.0,,,0.0
871,2018-10-31,SH,1,3327.0,49233.0,0.0,0.0,0.0
872,2018-10-31,AR,0,3390.0,33220.0,,,0.0
873,2018-10-31,AI,0,2838.0,9630.0,,,0.0
874,2018-10-31,SG,1,3476.0,310799.0,1.0,0.0,0.0
875,2018-10-31,GR,1,3635.0,120386.0,1.0,0.0,0.0
876,2018-10-31,AG,1,3021.2,421254.0,0.0,0.0,0.0
877,2018-10-31,TG,0,3286.0,171646.0,,,0.0
878,2018-10-31,TI,11,4340.75,209350.0,0.09,0.45,0.0
879,2018-10-31,VD,3,4267.26,492075.0,0.67,0.33,0.0
880,2018-10-31,VS,0,2812.5,208500.0,,,0.0
881,2018-10-31,NE,2,3126.0,105812.0,0.5,0.5,0.0
882,2018-10-31,GE,7,4892.0,312012.0,0.71,0.14,0.0
883,2018-10-31,JU,0,4403.55,42692.0,,,0.0
884,2018-11-30,ZG,58,2361.5,79597.0,0.41,0.41,0.0
885,2018-11-30,ZH,22,4356.0,962059.0,0.5,0.41,0.0
886,2018-11-30,BE,2,3180.9,622412.0,0.0,0.0,0.0
887,2018-11-30,LU,1,2629.7,254126.0,1.0,0.0,0.0
888,2018-11-30,UR,1,2982.3,21651.0,0.0,0.0,0.0
889,2018-11-30,SZ,3,3043.85,99947.0,0.67,0.33,0.0
890,2018-11-30,OW,1,2726.3,23100.0,1.0,0.0,0.0
891,2018-11-30,NW,0,2541.0,26552.0,,,0.0
892,2018-11-30,GL,0,3357.0,24566.0,,,0.0
893,2018-11-30,FR,0,3103.05,197382.0,,,0.0
894,2018-11-30,SO,0,3256.5,167704.0,,,0.0
895,2018-11-30,BS,0,4857.0,122466.0,,,0.0
896,2018-11-30,BL,0,3542.0,169597.0,,,0.0
897,2018-11-30,SH,1,3327.0,49233.0,0.0,0.0,0.0
898,2018-11-30,AR,0,3390.0,33220.0,,,0.0
899,2018-11-30,AI,0,2838.0,9630.0,,,0.0
900,2018-11-30,SG,1,3476.0,310799.0,1.0,0.0,0.0
901,2018-11-30,GR,1,3635.0,120386.0,1.0,0.0,0.0
902,2018-11-30,AG,1,3021.2,421254.0,0.0,0.0,0.0
903,2018-11-30,TG,0,3286.0,171646.0,,,0.0
904,2018-11-30,TI,11,4340.75,209350.0,0.09,0.45,0.0
905,2018-11-30,VD,3,4267.26,492075.0,0.67,0.33,0.0
906,2018-11-30,VS,0,2812.5,208500.0,,,0.0
907,2018-11-30,NE,2,3126.0,105812.0,0.5,0.5,0.0
908,2018-11-30,GE,7,4892.0,312012.0,0.71,0.14,0.0
909,2018-11-30,JU,0,4403.55,42692.0,,,0.0
910,2018-12-31,ZG,58,2361.5,79597.0,0.41,0.41,0.0
911,2018-12-31,ZH,23,4356.0,962059.0,0.48,0.43,0.0
912,2018-12-31,BE,2,3180.9,622412.0,0.0,0.0,0.0
913,2018-12-31,LU,1,2629.7,254126.0,1.0,0.0,0.0
914,2018-12-31,UR,1,2982.3,21651.0,0.0,0.0,0.0
915,2018-12-31,SZ,3,3043.85,99947.0,0.67,0.33,0.0
916,2018-12-31,OW,1,2726.3,23100.0,1.0,0.0,0.0
917,2018-12-31,NW,0,2541.0,26552.0,,,0.0
918,2018-12-31,GL,0,3357.0,24566.0,,,0.0
919,2018-12-31,FR,0,3103.05,197382.0,,,0.0
920,2018-12-31,SO,0,3256.5,167704.0,,,0.0
921,2018-12-31,BS,0,4857.0,122466.0,,,0.0
922,2018-12-31,BL,0,3542.0,169597.0,,,0.0
923,2018-12-31,SH,1,3327.0,49233.0,0.0,0.0,0.0
924,2018-12-31,AR,0,3390.0,33220.0,,,0.0
925,2018-12-31,AI,0,2838.0,9630.0,,,0.0
926,2018-12-31,SG,1,3476.0,310799.0,1.0,0.0,0.0
927,2018-12-31,GR,1,3635.0,120386.0,1.0,0.0,0.0
928,2018-12-31,AG,1,3021.2,421254.0,0.0,0.0,0.0
929,2018-12-31,TG,0,3286.0,171646.0,,,0.0
930,2018-12-31,TI,11,4340.75,209350.0,0.09,0.45,0.0
931,2018-12-31,VD,3,4267.26,492075.0,0.67,0.33,0.0
932,2018-12-31,VS,0,2812.5,208500.0,,,0.0
933,2018-12-31,NE,2,3126.0,105812.0,0.5,0.5,0.0
934,2018-12-31,GE,7,4892.0,312012.0,0.71,0.14,0.0
935,2018-12-31,JU,0,4403.55,42692.0,,,0.0
936,2019-01-31,ZG,59,2338.5,79665.0,0.41,0.42,0.0
937,2019-01-31,ZH,23,4356.0,972784.0,0.48,0.43,0.0
938,2019-01-31,BE,2,3179.65,622788.0,0.0,0.0,0.0
939,2019-01-31,LU,1,2629.7,255571.0,1.0,0.0,0.0
940,2019-01-31,UR,1,2982.3,21715.0,0.0,0.0,0.0
941,2019-01-31,SZ,3,3005.6,100405.0,0.67,0.33,0.0
942,2019-01-31,OW,1,2726.3,23018.0,1.0,0.0,0.0
943,2019-01-31,NW,0,2541.0,26281.0,,,0.0
944,2019-01-31,GL,0,3350.0,24537.0,,,0.0
945,2019-01-31,FR,0,3103.05,198907.0,,,0.0
946,2019-01-31,SO,0,3256.5,168215.0,,,0.0
947,2019-01-31,BS,0,2695.0,123115.0,,,0.0
948,2019-01-31,BL,0,3542.0,169810.0,,,0.0
949,2019-01-31,SH,1,3327.0,49301.0,0.0,0.0,0.0
950,2019-01-31,AR,0,3390.0,33195.0,,,0.0
951,2019-01-31,AI,0,2838.0,9566.0,,,0.0
952,2019-01-31,SG,1,3476.0,311506.0,1.0,0.0,0.0
953,2019-01-31,GR,1,3602.0,120467.0,1.0,0.0,0.0
954,2019-01-31,AG,1,3021.2,424024.0,0.0,0.0,0.0
955,2019-01-31,TG,0,3274.8,172783.0,,,0.0
956,2019-01-31,TI,11,4340.75,207648.0,0.09,0.45,0.0
957,2019-01-31,VD,3,2799.39,495399.0,0.67,0.33,0.0
958,2019-01-31,VS,0,2812.5,208907.0,,,0.0
959,2019-01-31,NE,2,3126.0,105527.0,0.5,0.5,0.0
960,2019-01-31,GE,7,4893.55,315296.0,0.71,0.14,0.0
961,2019-01-31,JU,0,4372.45,42605.0,,,0.0
962,2019-02-28,ZG,59,2338.5,79665.0,0.41,0.42,0.0
963,2019-02-28,ZH,24,4356.0,972784.0,0.46,0.42,0.0
964,2019-02-28,BE,2,3179.65,622788.0,0.0,0.0,0.0
965,2019-02-28,LU,1,2629.7,255571.0,1.0,0.0,0.0
966,2019-02-28,UR,1,2982.3,21715.0,0.0,0.0,0.0
967,2019-02-28,SZ,3,3005.6,100405.0,0.67,0.33,0.0
968,2019-02-28,OW,1,2726.3,23018.0,1.0,0.0,0.0
969,2019-02-28,NW,0,2541.0,26281.0,,,0.0
970,2019-02-28,GL,0,3350.0,24537.0,,,0.0
971,2019-02-28,FR,0,3103.05,198907.0,,,0.0
972,2019-02-28,SO,0,3256.5,168215.0,,,0.0
973,2019-02-28,BS,1,2695.0,123115.0,0.0,0.0,0.0
974,2019-02-28,BL,0,3542.0,169810.0,,,0.0
975,2019-02-28,SH,1,3327.0,49301.0,0.0,0.0,0.0
976,2019-02-28,AR,0,3390.0,33195.0,,,0.0
977,2019-02-28,AI,0,2838.0,9566.0,,,0.0
978,2019-02-28,SG,1,3476.0,311506.0,1.0,0.0,0.0
979,2019-02-28,GR,1,3602.0,120467.0,1.0,0.0,0.0
980,2019-02-28,AG,1,3021.2,424024.0,0.0,0.0,0.0
981,2019-02-28,TG,0,3274.8,172783.0,,,0.0
982,2019-02-28,TI,11,4340.75,207648.0,0.09,0.45,0.0
983,2019-02-28,VD,3,2799.39,495399.0,0.67,0.33,0.0
984,2019-02-28,VS,0,2812.5,208907.0,,,0.0
985,2019-02-28,NE,2,3126.0,105527.0,0.5,0.5,0.0
986,2019-02-28,GE,8,4893.55,315296.0,0.62,0.12,0.0
987,2019-02-28,JU,0,4372.45,42605.0,,,0.0
988,2019-03-31,ZG,62,2338.5,79665.0,0.42,0.42,0.0
989,2019-03-31,ZH,25,4356.0,972784.0,0.48,0.4,0.0
990,2019-03-31,BE,2,3179.65,622788.0,0.0,0.0,0.0
991,2019-03-31,LU,1,2629.7,255571.0,1.0,0.0,0.0
992,2019-03-31,UR,1,2982.3,21715.0,0.0,0.0,0.0
993,2019-03-31,SZ,3,3005.6,100405.0,0.67,0.33,0.0
994,2019-03-31,OW,1,2726.3,23018.0,1.0,0.0,0.0
995,2019-03-31,NW,0,2541.0,26281.0,,,0.0
996,2019-03-31,GL,0,3350.0,24537.0,,,0.0
997,2019-03-31,FR,0,3103.05,198907.0,,,0.0
998,2019-03-31,SO,0,3256.5,168215.0,,,0.0
999,2019-03-31,BS,1,2695.0,123115.0,0.0,0.0,0.0
1000,2019-03-31,BL,0,3542.0,169810.0,,,0.0
1001,2019-03-31,SH,1,3327.0,49301.0,0.0,0.0,0.0
1002,2019-03-31,AR,0,3390.0,33195.0,,,0.0
1003,2019-03-31,AI,0,2838.0,9566.0,,,0.0
1004,2019-03-31,SG,1,3476.0,311506.0,1.0,0.0,0.0
1005,2019-03-31,GR,1,3602.0,120467.0,1.0,0.0,0.0
1006,2019-03-31,AG,1,3021.2,424024.0,0.0,0.0,0.0
1007,2019-03-31,TG,0,3274.8,172783.0,,,0.0
1008,2019-03-31,TI,11,4340.75,207648.0,0.09,0.45,0.0
1009,2019-03-31,VD,3,2799.39,495399.0,0.67,0.33,0.0
1010,2019-03-31,VS,0,2812.5,208907.0,,,0.0
1011,2019-03-31,NE,2,3126.0,105527.0,0.5,0.5,0.0
1012,2019-03-31,GE,8,4893.55,315296.0,0.62,0.12,0.0
1013,2019-03-31,JU,0,4372.45,42605.0,,,0.0
1014,2019-04-30,ZG,63,2338.5,79665.0,0.43,0.41,0.0
1015,2019-04-30,ZH,27,4356.0,972784.0,0.48,0.37,0.0
1016,2019-04-30,BE,2,3179.65,622788.0,0.0,0.0,0.0
1017,2019-04-30,LU,1,2629.7,255571.0,1.0,0.0,0.0
1018,2019-04-30,UR,1,2982.3,21715.0,0.0,0.0,0.0
1019,2019-04-30,SZ,3,3005.6,100405.0,0.67,0.33,0.0
1020,2019-04-30,OW,1,2726.3,23018.0,1.0,0.0,0.0
1021,2019-04-30,NW,0,2541.0,26281.0,,,0.0
1022,2019-04-30,GL,0,3350.0,24537.0,,,0.0
1023,2019-04-30,FR,0,3103.05,198907.0,,,0.0
1024,2019-04-30,SO,0,3256.5,168215.0,,,0.0
1025,2019-04-30,BS,1,2695.0,123115.0,0.0,0.0,0.0
1026,2019-04-30,BL,0,3542.0,169810.0,,,0.0
1027,2019-04-30,SH,1,3327.0,49301.0,0.0,0.0,0.0
1028,2019-04-30,AR,0,3390.0,33195.0,,,0.0
1029,2019-04-30,AI,0,2838.0,9566.0,,,0.0
1030,2019-04-30,SG,1,3476.0,311506.0,1.0,0.0,0.0
1031,2019-04-30,GR,1,3602.0,120467.0,1.0,0.0,0.0
1032,2019-04-30,AG,1,3021.2,424024.0,0.0,0.0,0.0
1033,2019-04-30,TG,0,3274.8,172783.0,,,0.0
1034,2019-04-30,TI,11,4340.75,207648.0,0.09,0.45,0.0
1035,2019-04-30,VD,3,2799.39,495399.0,0.67,0.33,0.0
1036,2019-04-30,VS,0,2812.5,208907.0,,,0.0
1037,2019-04-30,NE,2,3126.0,105527.0,0.5,0.5,0.0
1038,2019-04-30,GE,9,4893.55,315296.0,0.56,0.22,0.0
1039,2019-04-30,JU,0,4372.45,42605.0,,,0.0
1040,2019-05-31,ZG,65,2338.5,79665.0,0.42,0.43,0.0
1041,2019-05-31,ZH,27,4356.0,972784.0,0.48,0.37,0.0
1042,2019-05-31,BE,2,3179.65,622788.0,0.0,0.0,0.0
1043,2019-05-31,LU,1,2629.7,255571.0,1.0,0.0,0.0
1044,2019-05-31,UR,1,2982.3,21715.0,0.0,0.0,0.0
1045,2019-05-31,SZ,3,3005.6,100405.0,0.67,0.33,0.0
1046,2019-05-31,OW,1,2726.3,23018.0,1.0,0.0,0.0
1047,2019-05-31,NW,0,2541.0,26281.0,,,0.0
1048,2019-05-31,GL,0,3350.0,24537.0,,,0.0
1049,2019-05-31,FR,0,3103.05,198907.0,,,0.0
1050,2019-05-31,SO,0,3256.5,168215.0,,,0.0
1051,2019-05-31,BS,1,2695.0,123115.0,0.0,0.0,0.0
1052,2019-05-31,BL,0,3542.0,169810.0,,,0.0
1053,2019-05-31,SH,1,3327.0,49301.0,0.0,0.0,0.0
1054,2019-05-31,AR,0,3390.0,33195.0,,,0.0
1055,2019-05-31,AI,0,2838.0,9566.0,,,0.0
1056,2019-05-31,SG,1,3476.0,311506.0,1.0,0.0,0.0
1057,2019-05-31,GR,1,3602.0,120467.0,1.0,0.0,0.0
1058,2019-05-31,AG,1,3021.2,424024.0,0.0,0.0,0.0
1059,2019-05-31,TG,0,3274.8,172783.0,,,0.0
1060,2019-05-31,TI,11,4340.75,207648.0,0.09,0.45,0.0
1061,2019-05-31,VD,3,2799.39,495399.0,0.67,0.33,0.0
1062,2019-05-31,VS,0,2812.5,208907.0,,,0.0
1063,2019-05-31,NE,3,3126.0,105527.0,0.67,0.33,0.0
1064,2019-05-31,GE,9,4893.55,315296.0,0.56,0.22,0.0
1065,2019-05-31,JU,0,4372.45,42605.0,,,0.0
1066,2019-06-30,ZG,66,2338.5,79665.0,0.42,0.42,0.0
1067,2019-06-30,ZH,27,4356.0,972784.0,0.48,0.37,0.0
1068,2019-06-30,BE,2,3179.65,622788.0,0.0,0.0,0.0
1069,2019-06-30,LU,1,2629.7,255571.0,1.0,0.0,0.0
1070,2019-06-30,UR,1,2982.3,21715.0,0.0,0.0,0.0
1071,2019-06-30,SZ,3,3005.6,100405.0,0.67,0.33,0.0
1072,2019-06-30,OW,1,2726.3,23018.0,1.0,0.0,0.0
1073,2019-06-30,NW,0,2541.0,26281.0,,,0.0
1074,2019-06-30,GL,0,3350.0,24537.0,,,0.0
1075,2019-06-30,FR,0,3103.05,198907.0,,,0.0
1076,2019-06-30,SO,0,3256.5,168215.0,,,0.0
1077,2019-06-30,BS,1,2695.0,123115.0,0.0,0.0,0.0
1078,2019-06-30,BL,0,3542.0,169810.0,,,0.0
1079,2019-06-30,SH,1,3327.0,49301.0,0.0,0.0,0.0
1080,2019-06-30,AR,0,3390.0,33195.0,,,0.0
1081,2019-06-30,AI,0,2838.0,9566.0,,,0.0
1082,2019-06-30,SG,1,3476.0,311506.0,1.0,0.0,0.0
1083,2019-06-30,GR,1,3602.0,120467.0,1.0,0.0,0.0
1084,2019-06-30,AG,1,3021.2,424024.0,0.0,0.0,0.0
1085,2019-06-30,TG,0,3274.8,172783.0,,,0.0
1086,2019-06-30,TI,11,4340.75,207648.0,0.09,0.45,0.0
1087,2019-06-30,VD,3,2799.39,495399.0,0.67,0.33,0.0
1088,2019-06-30,VS,0,2812.5,208907.0,,,0.0
1089,2019-06-30,NE,3,3126.0,105527.0,0.67,0.33,0.0
1090,2019-06-30,GE,10,4893.55,315296.0,0.5,0.2,0.0
1091,2019-06-30,JU,0,4372.45,42605.0,,,0.0
1092,2019-07-31,ZG,70,2338.5,79665.0,0.41,0.43,0.0
1093,2019-07-31,ZH,27,4356.0,972784.0,0.48,0.37,0.0
1094,2019-07-31,BE,2,3179.65,622788.0,0.0,0.0,0.0
1095,2019-07-31,LU,1,2629.7,255571.0,1.0,0.0,0.0
1096,2019-07-31,UR,1,2982.3,21715.0,0.0,0.0,0.0
1097,2019-07-31,SZ,3,3005.6,100405.0,0.67,0.33,0.0
1098,2019-07-31,OW,1,2726.3,23018.0,1.0,0.0,0.0
1099,2019-07-31,NW,0,2541.0,26281.0,,,0.0
1100,2019-07-31,GL,0,3350.0,24537.0,,,0.0
1101,2019-07-31,FR,0,3103.05,198907.0,,,0.0
1102,2019-07-31,SO,0,3256.5,168215.0,,,0.0
1103,2019-07-31,BS,1,2695.0,123115.0,0.0,0.0,0.0
1104,2019-07-31,BL,0,3542.0,169810.0,,,0.0
1105,2019-07-31,SH,1,3327.0,49301.0,0.0,0.0,0.0
1106,2019-07-31,AR,0,3390.0,33195.0,,,0.0
1107,2019-07-31,AI,0,2838.0,9566.0,,,0.0
1108,2019-07-31,SG,1,3476.0,311506.0,1.0,0.0,0.0
1109,2019-07-31,GR,1,3602.0,120467.0,1.0,0.0,0.0
1110,2019-07-31,AG,1,3021.2,424024.0,0.0,0.0,0.0
1111,2019-07-31,TG,0,3274.8,172783.0,,,0.0
1112,2019-07-31,TI,12,4340.75,207648.0,0.08,0.5,0.0
1113,2019-07-31,VD,3,2799.39,495399.0,0.67,0.33,0.0
1114,2019-07-31,VS,0,2812.5,208907.0,,,0.0
1115,2019-07-31,NE,3,3126.0,105527.0,0.67,0.33,0.0
1116,2019-07-31,GE,10,4893.55,315296.0,0.5,0.2,0.0
1117,2019-07-31,JU,0,4372.45,42605.0,,,0.0
1118,2019-08-31,ZG,70,2338.5,79665.0,0.41,0.43,0.0
1119,2019-08-31,ZH,28,4356.0,972784.0,0.5,0.36,0.0
1120,2019-08-31,BE,2,3179.65,622788.0,0.0,0.0,0.0
1121,2019-08-31,LU,1,2629.7,255571.0,1.0,0.0,0.0
1122,2019-08-31,UR,1,2982.3,21715.0,0.0,0.0,0.0
1123,2019-08-31,SZ,3,3005.6,100405.0,0.67,0.33,0.0
1124,2019-08-31,OW,1,2726.3,23018.0,1.0,0.0,0.0
1125,2019-08-31,NW,0,2541.0,26281.0,,,0.0
1126,2019-08-31,GL,0,3350.0,24537.0,,,0.0
1127,2019-08-31,FR,0,3103.05,198907.0,,,0.0
1128,2019-08-31,SO,0,3256.5,168215.0,,,0.0
1129,2019-08-31,BS,1,2695.0,123115.0,0.0,0.0,0.0
1130,2019-08-31,BL,0,3542.0,169810.0,,,0.0
1131,2019-08-31,SH,1,3327.0,49301.0,0.0,0.0,0.0
1132,2019-08-31,AR,0,3390.0,33195.0,,,0.0
1133,2019-08-31,AI,0,2838.0,9566.0,,,0.0
1134,2019-08-31,SG,1,3476.0,311506.0,1.0,0.0,0.0
1135,2019-08-31,GR,1,3602.0,120467.0,1.0,0.0,0.0
1136,2019-08-31,AG,1,3021.2,424024.0,0.0,0.0,0.0
1137,2019-08-31,TG,0,3274.8,172783.0,,,0.0
1138,2019-08-31,TI,12,4340.75,207648.0,0.08,0.5,0.0
1139,2019-08-31,VD,3,2799.39,495399.0,0.67,0.33,0.0
1140,2019-08-31,VS,0,2812.5,208907.0,,,0.0
1141,2019-08-31,NE,3,3126.0,105527.0,0.67,0.33,0.0
1142,2019-08-31,GE,10,4893.55,315296.0,0.5,0.2,0.0
1143,2019-08-31,JU,0,4372.45,42605.0,,,0.0
1144,2019-09-30,ZG,70,2338.5,79665.0,0.41,0.43,0.0
1145,2019-09-30,ZH,28,4356.0,972784.0,0.5,0.36,0.0
1146,2019-09-30,BE,2,3179.65,622788.0,0.0,0.0,0.0
1147,2019-09-30,LU,1,2629.7,255571.0,1.0,0.0,0.0
1148,2019-09-30,UR,1,2982.3,21715.0,0.0,0.0,0.0
1149,2019-09-30,SZ,3,3005.6,100405.0,0.67,0.33,0.0
1150,2019-09-30,OW,1,2726.3,23018.0,1.0,0.0,0.0
1151,2019-09-30,NW,0,2541.0,26281.0,,,0.0
1152,2019-09-30,GL,0,3350.0,24537.0,,,0.0
1153,2019-09-30,FR,0,3103.05,198907.0,,,0.0
1154,2019-09-30,SO,0,3256.5,168215.0,,,0.0
1155,2019-09-30,BS,1,2695.0,123115.0,0.0,0.0,0.0
1156,2019-09-30,BL,0,3542.0,169810.0,,,0.0
1157,2019-09-30,SH,1,3327.0,49301.0,0.0,0.0,0.0
1158,2019-09-30,AR,0,3390.0,33195.0,,,0.0
1159,2019-09-30,AI,0,2838.0,9566.0,,,0.0
1160,2019-09-30,SG,1,3476.0,311506.0,1.0,0.0,0.0
1161,2019-09-30,GR,1,3602.0,120467.0,1.0,0.0,0.0
1162,2019-09-30,AG,1,3021.2,424024.0,0.0,0.0,0.0
1163,2019-09-30,TG,0,3274.8,172783.0,,,0.0
1164,2019-09-30,TI,12,4340.75,207648.0,0.08,0.5,0.0
1165,2019-09-30,VD,4,2799.39,495399.0,0.75,0.25,0.0
1166,2019-09-30,VS,0,2812.5,208907.0,,,0.0
1167,2019-09-30,NE,4,3126.0,105527.0,0.5,0.5,0.0
1168,2019-09-30,GE,10,4893.55,315296.0,0.5,0.2,0.0
1169,2019-09-30,JU,0,4372.45,42605.0,,,0.0
1170,2019-10-31,ZG,70,2338.5,79665.0,0.41,0.43,0.0
1171,2019-10-31,ZH,28,4356.0,972784.0,0.5,0.36,0.0
1172,2019-10-31,BE,2,3179.65,622788.0,0.0,0.0,0.0
1173,2019-10-31,LU,1,2629.7,255571.0,1.0,0.0,0.0
1174,2019-10-31,UR,1,2982.3,21715.0,0.0,0.0,0.0
1175,2019-10-31,SZ,4,3005.6,100405.0,0.5,0.5,0.0
1176,2019-10-31,OW,1,2726.3,23018.0,1.0,0.0,0.0
1177,2019-10-31,NW,0,2541.0,26281.0,,,0.0
1178,2019-10-31,GL,0,3350.0,24537.0,,,0.0
1179,2019-10-31,FR,0,3103.05,198907.0,,,0.0
1180,2019-10-31,SO,0,3256.5,168215.0,,,0.0
1181,2019-10-31,BS,1,2695.0,123115.0,0.0,0.0,0.0
1182,2019-10-31,BL,0,3542.0,169810.0,,,0.0
1183,2019-10-31,SH,1,3327.0,49301.0,0.0,0.0,0.0
1184,2019-10-31,AR,0,3390.0,33195.0,,,0.0
1185,2019-10-31,AI,0,2838.0,9566.0,,,0.0
1186,2019-10-31,SG,1,3476.0,311506.0,1.0,0.0,0.0
1187,2019-10-31,GR,1,3602.0,120467.0,1.0,0.0,0.0
1188,2019-10-31,AG,1,3021.2,424024.0,0.0,0.0,0.0
1189,2019-10-31,TG,0,3274.8,172783.0,,,0.0
1190,2019-10-31,TI,12,4340.75,207648.0,0.08,0.5,0.0
1191,2019-10-31,VD,4,2799.39,495399.0,0.75,0.25,0.0
1192,2019-10-31,VS,0,2812.5,208907.0,,,0.0
1193,2019-10-31,NE,4,3126.0,105527.0,0.5,0.5,0.0
1194,2019-10-31,GE,11,4893.55,315296.0,0.45,0.18,0.0
1195,2019-10-31,JU,0,4372.45,42605.0,,,0.0
1196,2019-11-30,ZG,70,2338.5,79665.0,0.41,0.43,0.0
1197,2019-11-30,ZH,29,4356.0,972784.0,0.48,0.38,0.0
1198,2019-11-30,BE,2,3179.65,622788.0,0.0,0.0,0.0
1199,2019-11-30,LU,1,2629.7,255571.0,1.0,0.0,0.0
1200,2019-11-30,UR,1,2982.3,21715.0,0.0,0.0,0.0
1201,2019-11-30,SZ,4,3005.6,100405.0,0.5,0.5,0.0
1202,2019-11-30,OW,1,2726.3,23018.0,1.0,0.0,0.0
1203,2019-11-30,NW,0,2541.0,26281.0,,,0.0
1204,2019-11-30,GL,0,3350.0,24537.0,,,0.0
1205,2019-11-30,FR,0,3103.05,198907.0,,,0.0
1206,2019-11-30,SO,0,3256.5,168215.0,,,0.0
1207,2019-11-30,BS,1,2695.0,123115.0,0.0,0.0,0.0
1208,2019-11-30,BL,0,3542.0,169810.0,,,0.0
1209,2019-11-30,SH,1,3327.0,49301.0,0.0,0.0,0.0
1210,2019-11-30,AR,0,3390.0,33195.0,,,0.0
1211,2019-11-30,AI,0,2838.0,9566.0,,,0.0
1212,2019-11-30,SG,1,3476.0,311506.0,1.0,0.0,0.0
1213,2019-11-30,GR,1,3602.0,120467.0,1.0,0.0,0.0
1214,2019-11-30,AG,1,3021.2,424024.0,0.0,0.0,0.0
1215,2019-11-30,TG,0,3274.8,172783.0,,,0.0
1216,2019-11-30,TI,12,4340.75,207648.0,0.08,0.5,0.0
1217,2019-11-30,VD,4,2799.39,495399.0,0.75,0.25,0.0
1218,2019-11-30,VS,0,2812.5,208907.0,,,0.0
1219,2019-11-30,NE,4,3126.0,105527.0,0.5,0.5,0.0
1220,2019-11-30,GE,11,4893.55,315296.0,0.45,0.18,0.0
1221,2019-11-30,JU,0,4372.45,42605.0,,,0.0
1222,2019-12-31,ZG,70,2338.5,79665.0,0.41,0.43,0.0
1223,2019-12-31,ZH,30,4356.0,972784.0,0.47,0.4,0.0
1224,2019-12-31,BE,2,3179.65,622788.0,0.0,0.0,0.0
1225,2019-12-31,LU,1,2629.7,255571.0,1.0,0.0,0.0
1226,2019-12-31,UR,1,2982.3,21715.0,0.0,0.0,0.0
1227,2019-12-31,SZ,4,3005.6,100405.0,0.5,0.5,0.0
1228,2019-12-31,OW,1,2726.3,23018.0,1.0,0.0,0.0
1229,2019-12-31,NW,0,2541.0,26281.0,,,0.0
1230,2019-12-31,GL,0,3350.0,24537.0,,,0.0
1231,2019-12-31,FR,0,3103.05,198907.0,,,0.0
1232,2019-12-31,SO,0,3256.5,168215.0,,,0.0
1233,2019-12-31,BS,1,2695.0,123115.0,0.0,0.0,0.0
1234,2019-12-31,BL,0,3542.0,169810.0,,,0.0
1235,2019-12-31,SH,1,3327.0,49301.0,0.0,0.0,0.0
1236,2019-12-31,AR,0,3390.0,33195.0,,,0.0
1237,2019-12-31,AI,0,2838.0,9566.0,,,0.0
1238,2019-12-31,SG,1,3476.0,311506.0,1.0,0.0,0.0
1239,2019-12-31,GR,1,3602.0,120467.0,1.0,0.0,0.0
1240,2019-12-31,AG,1,3021.2,424024.0,0.0,0.0,0.0
1241,2019-12-31,TG,0,3274.8,172783.0,,,0.0
1242,2019-12-31,TI,12,4340.75,207648.0,0.08,0.5,0.0
1243,2019-12-31,VD,4,2799.39,495399.0,0.75,0.25,0.0
1244,2019-12-31,VS,0,2812.5,208907.0,,,0.0
1245,2019-12-31,NE,4,3126.0,105527.0,0.5,0.5,0.0
1246,2019-12-31,GE,11,4893.55,315296.0,0.45,0.18,0.0
1247,2019-12-31,JU,0,4372.45,42605.0,,,0.0
1248,2020-01-31,ZG,70,2848.8,80234.0,0.41,0.43,0.0
1249,2020-01-31,ZH,32,4356.0,980693.0,0.47,0.38,0.0
1250,2020-01-31,BE,2,3179.65,622565.0,0.0,0.0,0.0
1251,2020-01-31,LU,1,2629.7,256790.0,1.0,0.0,0.0
1252,2020-01-31,UR,1,2531.59,21739.0,0.0,0.0,0.0
1253,2020-01-31,SZ,4,2813.65,101197.0,0.5,0.5,0.0
1254,2020-01-31,OW,1,2556.5,23034.0,1.0,0.0,0.0
1255,2020-01-31,NW,0,2548.0,26388.0,,,0.0
1256,2020-01-31,GL,0,2700.0,24610.0,,,0.0
1257,2020-01-31,FR,0,2827.7,201329.0,,,0.0
1258,2020-01-31,SO,0,3232.0,168974.0,,,0.0
1259,2020-01-31,BS,1,2695.0,123788.0,0.0,0.0,0.0
1260,2020-01-31,BL,0,3707.4,170100.0,,,0.0
1261,2020-01-31,SH,1,2812.16,49632.0,0.0,0.0,0.0
1262,2020-01-31,AR,0,3390.0,32940.0,,,0.0
1263,2020-01-31,AI,0,2537.5,9621.0,,,0.0
1264,2020-01-31,SG,1,2899.98,313333.0,1.0,0.0,0.0
1265,2020-01-31,GR,1,3348.0,120785.0,1.0,0.0,0.0
1266,2020-01-31,AG,1,3021.2,427461.0,0.0,0.0,0.0
1267,2020-01-31,TG,0,2672.7,174019.0,,,0.0
1268,2020-01-31,TI,12,3864.11,207438.0,0.08,0.5,0.0
1269,2020-01-31,VD,4,2806.47,502049.0,0.75,0.25,0.0
1270,2020-01-31,VS,0,2649.0,210723.0,,,0.0
1271,2020-01-31,NE,4,2716.0,105285.0,0.5,0.5,0.0
1272,2020-01-31,GE,11,2800.5,316942.0,0.45,0.18,0.0
1273,2020-01-31,JU,0,3546.15,42660.0,,,0.0
1274,2020-02-29,ZG,70,2848.8,80234.0,0.41,0.43,0.0
1275,2020-02-29,ZH,32,4356.0,980693.0,0.47,0.38,0.0
1276,2020-02-29,BE,2,3179.65,622565.0,0.0,0.0,0.0
1277,2020-02-29,LU,1,2629.7,256790.0,1.0,0.0,0.0
1278,2020-02-29,UR,1,2531.59,21739.0,0.0,0.0,0.0
1279,2020-02-29,SZ,4,2813.65,101197.0,0.5,0.5,0.0
1280,2020-02-29,OW,1,2556.5,23034.0,1.0,0.0,0.0
1281,2020-02-29,NW,0,2548.0,26388.0,,,0.0
1282,2020-02-29,GL,0,2700.0,24610.0,,,0.0
1283,2020-02-29,FR,0,2827.7,201329.0,,,0.0
1284,2020-02-29,SO,0,3232.0,168974.0,,,0.0
1285,2020-02-29,BS,1,2695.0,123788.0,0.0,0.0,0.0
1286,2020-02-29,BL,0,3707.4,170100.0,,,0.0
1287,2020-02-29,SH,1,2812.16,49632.0,0.0,0.0,0.0
1288,2020-02-29,AR,0,3390.0,32940.0,,,0.0
1289,2020-02-29,AI,0,2537.5,9621.0,,,0.0
1290,2020-02-29,SG,1,2899.98,313333.0,1.0,0.0,0.0
1291,2020-02-29,GR,1,3348.0,120785.0,1.0,0.0,0.0
1292,2020-02-29,AG,1,3021.2,427461.0,0.0,0.0,0.0
1293,2020-02-29,TG,0,2672.7,174019.0,,,0.0
1294,2020-02-29,TI,13,3864.11,207438.0,0.08,0.54,0.0
1295,2020-02-29,VD,4,2806.47,502049.0,0.75,0.25,0.0
1296,2020-02-29,VS,0,2649.0,210723.0,,,0.0
1297,2020-02-29,NE,4,2716.0,105285.0,0.5,0.5,0.0
1298,2020-02-29,GE,11,2800.5,316942.0,0.45,0.18,0.0
1299,2020-02-29,JU,0,3546.15,42660.0,,,0.0
1300,2020-03-31,ZG,71,2848.8,80234.0,0.42,0.42,0.0
1301,2020-03-31,ZH,32,4356.0,980693.0,0.47,0.38,0.0
1302,2020-03-31,BE,2,3179.65,622565.0,0.0,0.0,0.0
1303,2020-03-31,LU,1,2629.7,256790.0,1.0,0.0,0.0
1304,2020-03-31,UR,1,2531.59,21739.0,0.0,0.0,0.0
1305,2020-03-31,SZ,4,2813.65,101197.0,0.5,0.5,0.0
1306,2020-03-31,OW,1,2556.5,23034.0,1.0,0.0,0.0
1307,2020-03-31,NW,0,2548.0,26388.0,,,0.0
1308,2020-03-31,GL,0,2700.0,24610.0,,,0.0
1309,2020-03-31,FR,0,2827.7,201329.0,,,0.0
1310,2020-03-31,SO,0,3232.0,168974.0,,,0.0
1311,2020-03-31,BS,1,2695.0,123788.0,0.0,0.0,0.0
1312,2020-03-31,BL,0,3707.4,170100.0,,,0.0
1313,2020-03-31,SH,1,2812.16,49632.0,0.0,0.0,0.0
1314,2020-03-31,AR,0,3390.0,32940.0,,,0.0
1315,2020-03-31,AI,0,2537.5,9621.0,,,0.0
1316,2020-03-31,SG,1,2899.98,313333.0,1.0,0.0,0.0
1317,2020-03-31,GR,1,3348.0,120785.0,1.0,0.0,0.0
1318,2020-03-31,AG,1,3021.2,427461.0,0.0,0.0,0.0
1319,2020-03-31,TG,0,2672.7,174019.0,,,0.0
1320,2020-03-31,TI,13,3864.11,207438.0,0.08,0.54,0.0
1321,2020-03-31,VD,4,2806.47,502049.0,0.75,0.25,0.0
1322,2020-03-31,VS,0,2649.0,210723.0,,,0.0
1323,2020-03-31,NE,4,2716.0,105285.0,0.5,0.5,0.0
1324,2020-03-31,GE,11,2800.5,316942.0,0.45,0.18,0.0
1325,2020-03-31,JU,0,3546.15,42660.0,,,0.0
1326,2020-04-30,ZG,72,2848.8,80234.0,0.43,0.42,0.0
1327,2020-04-30,ZH,33,4356.0,980693.0,0.45,0.39,0.0
1328,2020-04-30,BE,3,3179.65,622565.0,0.33,0.0,0.0
1329,2020-04-30,LU,1,2629.7,256790.0,1.0,0.0,0.0
1330,2020-04-30,UR,1,2531.59,21739.0,0.0,0.0,0.0
1331,2020-04-30,SZ,4,2813.65,101197.0,0.5,0.5,0.0
1332,2020-04-30,OW,1,2556.5,23034.0,1.0,0.0,0.0
1333,2020-04-30,NW,0,2548.0,26388.0,,,0.0
1334,2020-04-30,GL,0,2700.0,24610.0,,,0.0
1335,2020-04-30,FR,0,2827.7,201329.0,,,0.0
1336,2020-04-30,SO,0,3232.0,168974.0,,,0.0
1337,2020-04-30,BS,1,2695.0,123788.0,0.0,0.0,0.0
1338,2020-04-30,BL,0,3707.4,170100.0,,,0.0
1339,2020-04-30,SH,1,2812.16,49632.0,0.0,0.0,0.0
1340,2020-04-30,AR,0,3390.0,32940.0,,,0.0
1341,2020-04-30,AI,0,2537.5,9621.0,,,0.0
1342,2020-04-30,SG,1,2899.98,313333.0,1.0,0.0,0.0
1343,2020-04-30,GR,1,3348.0,120785.0,1.0,0.0,0.0
1344,2020-04-30,AG,1,3021.2,427461.0,0.0,0.0,0.0
1345,2020-04-30,TG,0,2672.7,174019.0,,,0.0
1346,2020-04-30,TI,13,3864.11,207438.0,0.08,0.54,0.0
1347,2020-04-30,VD,4,2806.47,502049.0,0.75,0.25,0.0
1348,2020-04-30,VS,0,2649.0,210723.0,,,0.0
1349,2020-04-30,NE,4,2716.0,105285.0,0.5,0.5,0.0
1350,2020-04-30,GE,11,2800.5,316942.0,0.45,0.18,0.0
1351,2020-04-30,JU,0,3546.15,42660.0,,,0.0
1352,2020-05-31,ZG,72,2848.8,80234.0,0.43,0.42,0.0
1353,2020-05-31,ZH,33,4356.0,980693.0,0.45,0.39,0.0
1354,2020-05-31,BE,3,3179.65,622565.0,0.33,0.0,0.0
1355,2020-05-31,LU,1,2629.7,256790.0,1.0,0.0,0.0
1356,2020-05-31,UR,1,2531.59,21739.0,0.0,0.0,0.0
1357,2020-05-31,SZ,4,2813.65,101197.0,0.5,0.5,0.0
1358,2020-05-31,OW,1,2556.5,23034.0,1.0,0.0,0.0
1359,2020-05-31,NW,0,2548.0,26388.0,,,0.0
1360,2020-05-31,GL,0,2700.0,24610.0,,,0.0
1361,2020-05-31,FR,0,2827.7,201329.0,,,0.0
1362,2020-05-31,SO,0,3232.0,168974.0,,,0.0
1363,2020-05-31,BS,1,2695.0,123788.0,0.0,0.0,0.0
1364,2020-05-31,BL,0,3707.4,170100.0,,,0.0
1365,2020-05-31,SH,1,2812.16,49632.0,0.0,0.0,0.0
1366,2020-05-31,AR,0,3390.0,32940.0,,,0.0
1367,2020-05-31,AI,0,2537.5,9621.0,,,0.0
1368,2020-05-31,SG,1,2899.98,313333.0,1.0,0.0,0.0
1369,2020-05-31,GR,1,3348.0,120785.0,1.0,0.0,0.0
1370,2020-05-31,AG,1,3021.2,427461.0,0.0,0.0,0.0
1371,2020-05-31,TG,0,2672.7,174019.0,,,0.0
1372,2020-05-31,TI,14,3864.11,207438.0,0.07,0.57,0.0
1373,2020-05-31,VD,4,2806.47,502049.0,0.75,0.25,0.0
1374,2020-05-31,VS,0,2649.0,210723.0,,,0.0
1375,2020-05-31,NE,4,2716.0,105285.0,0.5,0.5,0.0
1376,2020-05-31,GE,11,2800.5,316942.0,0.45,0.18,0.0
1377,2020-05-31,JU,0,3546.15,42660.0,,,0.0
1378,2020-06-30,ZG,75,2848.8,80234.0,0.43,0.43,0.0
1379,2020-06-30,ZH,33,4356.0,980693.0,0.45,0.39,0.0
1380,2020-06-30,BE,3,3179.65,622565.0,0.33,0.0,0.0
1381,2020-06-30,LU,1,2629.7,256790.0,1.0,0.0,0.0
1382,2020-06-30,UR,1,2531.59,21739.0,0.0,0.0,0.0
1383,2020-06-30,SZ,4,2813.65,101197.0,0.5,0.5,0.0
1384,2020-06-30,OW,1,2556.5,23034.0,1.0,0.0,0.0
1385,2020-06-30,NW,0,2548.0,26388.0,,,0.0
1386,2020-06-30,GL,0,2700.0,24610.0,,,0.0
1387,2020-06-30,FR,0,2827.7,201329.0,,,0.0
1388,2020-06-30,SO,0,3232.0,168974.0,,,0.0
1389,2020-06-30,BS,1,2695.0,123788.0,0.0,0.0,0.0
1390,2020-06-30,BL,0,3707.4,170100.0,,,0.0
1391,2020-06-30,SH,1,2812.16,49632.0,0.0,0.0,0.0
1392,2020-06-30,AR,0,3390.0,32940.0,,,0.0
1393,2020-06-30,AI,0,2537.5,9621.0,,,0.0
1394,2020-06-30,SG,1,2899.98,313333.0,1.0,0.0,0.0
1395,2020-06-30,GR,1,3348.0,120785.0,1.0,0.0,0.0
1396,2020-06-30,AG,1,3021.2,427461.0,0.0,0.0,0.0
1397,2020-06-30,TG,0,2672.7,174019.0,,,0.0
1398,2020-06-30,TI,14,3864.11,207438.0,0.07,0.57,0.0
1399,2020-06-30,VD,4,2806.47,502049.0,0.75,0.25,0.0
1400,2020-06-30,VS,0,2649.0,210723.0,,,0.0
1401,2020-06-30,NE,5,2716.0,105285.0,0.6,0.4,0.0
1402,2020-06-30,GE,11,2800.5,316942.0,0.45,0.18,0.0
1403,2020-06-30,JU,0,3546.15,42660.0,,,0.0
1404,2020-07-31,ZG,76,2848.8,80234.0,0.42,0.42,0.0
1405,2020-07-31,ZH,33,4356.0,980693.0,0.45,0.39,0.0
1406,2020-07-31,BE,3,3179.65,622565.0,0.33,0.0,0.0
1407,2020-07-31,LU,1,2629.7,256790.0,1.0,0.0,0.0
1408,2020-07-31,UR,1,2531.59,21739.0,0.0,0.0,0.0
1409,2020-07-31,SZ,4,2813.65,101197.0,0.5,0.5,0.0
1410,2020-07-31,OW,1,2556.5,23034.0,1.0,0.0,0.0
1411,2020-07-31,NW,0,2548.0,26388.0,,,0.0
1412,2020-07-31,GL,0,2700.0,24610.0,,,0.0
1413,2020-07-31,FR,0,2827.7,201329.0,,,0.0
1414,2020-07-31,SO,0,3232.0,168974.0,,,0.0
1415,2020-07-31,BS,1,2695.0,123788.0,0.0,0.0,0.0
1416,2020-07-31,BL,0,3707.4,170100.0,,,0.0
1417,2020-07-31,SH,1,2812.16,49632.0,0.0,0.0,0.0
1418,2020-07-31,AR,0,3390.0,32940.0,,,0.0
1419,2020-07-31,AI,0,2537.5,9621.0,,,0.0
1420,2020-07-31,SG,1,2899.98,313333.0,1.0,0.0,0.0
1421,2020-07-31,GR,1,3348.0,120785.0,1.0,0.0,0.0
1422,2020-07-31,AG,1,3021.2,427461.0,0.0,0.0,0.0
1423,2020-07-31,TG,0,2672.7,174019.0,,,0.0
1424,2020-07-31,TI,14,3864.11,207438.0,0.07,0.57,0.0
1425,2020-07-31,VD,4,2806.47,502049.0,0.75,0.25,0.0
1426,2020-07-31,VS,0,2649.0,210723.0,,,0.0
1427,2020-07-31,NE,5,2716.0,105285.0,0.6,0.4,0.0
1428,2020-07-31,GE,11,2800.5,316942.0,0.45,0.18,0.0
1429,2020-07-31,JU,0,3546.15,42660.0,,,0.0
1430,2020-08-31,ZG,77,2848.8,80234.0,0.43,0.42,0.0
1431,2020-08-31,ZH,33,4356.0,980693.0,0.45,0.39,0.0
1432,2020-08-31,BE,3,3179.65,622565.0,0.33,0.0,0.0
1433,2020-08-31,LU,1,2629.7,256790.0,1.0,0.0,0.0
1434,2020-08-31,UR,1,2531.59,21739.0,0.0,0.0,0.0
1435,2020-08-31,SZ,4,2813.65,101197.0,0.5,0.5,0.0
1436,2020-08-31,OW,1,2556.5,23034.0,1.0,0.0,0.0
1437,2020-08-31,NW,0,2548.0,26388.0,,,0.0
1438,2020-08-31,GL,0,2700.0,24610.0,,,0.0
1439,2020-08-31,FR,0,2827.7,201329.0,,,0.0
1440,2020-08-31,SO,0,3232.0,168974.0,,,0.0
1441,2020-08-31,BS,1,2695.0,123788.0,0.0,0.0,0.0
1442,2020-08-31,BL,0,3707.4,170100.0,,,0.0
1443,2020-08-31,SH,1,2812.16,49632.0,0.0,0.0,0.0
1444,2020-08-31,AR,0,3390.0,32940.0,,,0.0
1445,2020-08-31,AI,0,2537.5,9621.0,,,0.0
1446,2020-08-31,SG,1,2899.98,313333.0,1.0,0.0,0.0
1447,2020-08-31,GR,1,3348.0,120785.0,1.0,0.0,0.0
1448,2020-08-31,AG,1,3021.2,427461.0,0.0,0.0,0.0
1449,2020-08-31,TG,0,2672.7,174019.0,,,0.0
1450,2020-08-31,TI,14,3864.11,207438.0,0.07,0.57,0.0
1451,2020-08-31,VD,4,2806.47,502049.0,0.75,0.25,0.0
1452,2020-08-31,VS,0,2649.0,210723.0,,,0.0
1453,2020-08-31,NE,5,2716.0,105285.0,0.6,0.4,0.0
1454,2020-08-31,GE,11,2800.5,316942.0,0.45,0.18,0.0
1455,2020-08-31,JU,0,3546.15,42660.0,,,0.0
1456,2020-09-30,ZG,77,2848.8,80234.0,0.43,0.42,0.0
1457,2020-09-30,ZH,33,4356.0,980693.0,0.45,0.39,0.0
1458,2020-09-30,BE,4,3179.65,622565.0,0.25,0.0,0.0
1459,2020-09-30,LU,1,2629.7,256790.0,1.0,0.0,0.0
1460,2020-09-30,UR,1,2531.59,21739.0,0.0,0.0,0.0
1461,2020-09-30,SZ,4,2813.65,101197.0,0.5,0.5,0.0
1462,2020-09-30,OW,1,2556.5,23034.0,1.0,0.0,0.0
1463,2020-09-30,NW,0,2548.0,26388.0,,,0.0
1464,2020-09-30,GL,0,2700.0,24610.0,,,0.0
1465,2020-09-30,FR,0,2827.7,201329.0,,,0.0
1466,2020-09-30,SO,0,3232.0,168974.0,,,0.0
1467,2020-09-30,BS,1,2695.0,123788.0,0.0,0.0,0.0
1468,2020-09-30,BL,0,3707.4,170100.0,,,0.0
1469,2020-09-30,SH,1,2812.16,49632.0,0.0,0.0,0.0
1470,2020-09-30,AR,0,3390.0,32940.0,,,0.0
1471,2020-09-30,AI,0,2537.5,9621.0,,,0.0
1472,2020-09-30,SG,1,2899.98,313333.0,1.0,0.0,0.0
1473,2020-09-30,GR,1,3348.0,120785.0,1.0,0.0,0.0
1474,2020-09-30,AG,1,3021.2,427461.0,0.0,0.0,0.0
1475,2020-09-30,TG,0,2672.7,174019.0,,,0.0
1476,2020-09-30,TI,14,3864.11,207438.0,0.07,0.57,0.0
1477,2020-09-30,VD,4,2806.47,502049.0,0.75,0.25,0.0
1478,2020-09-30,VS,0,2649.0,210723.0,,,0.0
1479,2020-09-30,NE,5,2716.0,105285.0,0.6,0.4,0.0
1480,2020-09-30,GE,11,2800.5,316942.0,0.45,0.18,0.0
1481,2020-09-30,JU,0,3546.15,42660.0,,,0.0
1482,2020-10-31,ZG,78,2848.8,80234.0,0.42,0.42,0.0
1483,2020-10-31,ZH,33,4356.0,980693.0,0.45,0.39,0.0
1484,2020-10-31,BE,4,3179.65,622565.0,0.25,0.0,0.0
1485,2020-10-31,LU,1,2629.7,256790.0,1.0,0.0,0.0
1486,2020-10-31,UR,1,2531.59,21739.0,0.0,0.0,0.0
1487,2020-10-31,SZ,4,2813.65,101197.0,0.5,0.5,0.0
1488,2020-10-31,OW,1,2556.5,23034.0,1.0,0.0,0.0
1489,2020-10-31,NW,0,2548.0,26388.0,,,0.0
1490,2020-10-31,GL,0,2700.0,24610.0,,,0.0
1491,2020-10-31,FR,0,2827.7,201329.0,,,0.0
1492,2020-10-31,SO,0,3232.0,168974.0,,,0.0
1493,2020-10-31,BS,1,2695.0,123788.0,0.0,0.0,0.0
1494,2020-10-31,BL,0,3707.4,170100.0,,,0.0
1495,2020-10-31,SH,1,2812.16,49632.0,0.0,0.0,0.0
1496,2020-10-31,AR,0,3390.0,32940.0,,,0.0
1497,2020-10-31,AI,0,2537.5,9621.0,,,0.0
1498,2020-10-31,SG,1,2899.98,313333.0,1.0,0.0,0.0
1499,2020-10-31,GR,1,3348.0,120785.0,1.0,0.0,0.0
1500,2020-10-31,AG,1,3021.2,427461.0,0.0,0.0,0.0
1501,2020-10-31,TG,0,2672.7,174019.0,,,0.0
1502,2020-10-31,TI,14,3864.11,207438.0,0.07,0.57,0.0
1503,2020-10-31,VD,4,2806.47,502049.0,0.75,0.25,0.0
1504,2020-10-31,VS,0,2649.0,210723.0,,,0.0
1505,2020-10-31,NE,5,2716.0,105285.0,0.6,0.4,0.0
1506,2020-10-31,GE,11,2800.5,316942.0,0.45,0.18,0.0
1507,2020-10-31,JU,0,3546.15,42660.0,,,0.0
1508,2020-11-30,ZG,80,2848.8,80234.0,0.42,0.41,0.0
1509,2020-11-30,ZH,35,4356.0,980693.0,0.46,0.4,0.0
1510,2020-11-30,BE,4,3179.65,622565.0,0.25,0.0,0.0
1511,2020-11-30,LU,2,2629.7,256790.0,1.0,0.0,0.0
1512,2020-11-30,UR,1,2531.59,21739.0,0.0,0.0,0.0
1513,2020-11-30,SZ,4,2813.65,101197.0,0.5,0.5,0.0
1514,2020-11-30,OW,1,2556.5,23034.0,1.0,0.0,0.0
1515,2020-11-30,NW,0,2548.0,26388.0,,,0.0
1516,2020-11-30,GL,0,2700.0,24610.0,,,0.0
1517,2020-11-30,FR,0,2827.7,201329.0,,,0.0
1518,2020-11-30,SO,0,3232.0,168974.0,,,0.0
1519,2020-11-30,BS,1,2695.0,123788.0,0.0,0.0,0.0
1520,2020-11-30,BL,0,3707.4,170100.0,,,0.0
1521,2020-11-30,SH,1,2812.16,49632.0,0.0,0.0,0.0
1522,2020-11-30,AR,0,3390.0,32940.0,,,0.0
1523,2020-11-30,AI,0,2537.5,9621.0,,,0.0
1524,2020-11-30,SG,1,2899.98,313333.0,1.0,0.0,0.0
1525,2020-11-30,GR,1,3348.0,120785.0,1.0,0.0,0.0
1526,2020-11-30,AG,1,3021.2,427461.0,0.0,0.0,0.0
1527,2020-11-30,TG,0,2672.7,174019.0,,,0.0
1528,2020-11-30,TI,14,3864.11,207438.0,0.07,0.57,0.0
1529,2020-11-30,VD,4,2806.47,502049.0,0.75,0.25,0.0
1530,2020-11-30,VS,0,2649.0,210723.0,,,0.0
1531,2020-11-30,NE,5,2716.0,105285.0,0.6,0.4,0.0
1532,2020-11-30,GE,11,2800.5,316942.0,0.45,0.18,0.0
1533,2020-11-30,JU,0,3546.15,42660.0,,,0.0
1534,2020-12-31,ZG,82,2848.8,80234.0,0.41,0.41,0.0
1535,2020-12-31,ZH,36,4356.0,980693.0,0.44,0.39,0.0
1536,2020-12-31,BE,4,3179.65,622565.0,0.25,0.0,0.0
1537,2020-12-31,LU,2,2629.7,256790.0,1.0,0.0,0.0
1538,2020-12-31,UR,1,2531.59,21739.0,0.0,0.0,0.0
1539,2020-12-31,SZ,4,2813.65,101197.0,0.5,0.5,0.0
1540,2020-12-31,OW,1,2556.5,23034.0,1.0,0.0,0.0
1541,2020-12-31,NW,0,2548.0,26388.0,,,0.0
1542,2020-12-31,GL,0,2700.0,24610.0,,,0.0
1543,2020-12-31,FR,0,2827.7,201329.0,,,0.0
1544,2020-12-31,SO,0,3232.0,168974.0,,,0.0
1545,2020-12-31,BS,1,2695.0,123788.0,0.0,0.0,0.0
1546,2020-12-31,BL,0,3707.4,170100.0,,,0.0
1547,2020-12-31,SH,1,2812.16,49632.0,0.0,0.0,0.0
1548,2020-12-31,AR,0,3390.0,32940.0,,,0.0
1549,2020-12-31,AI,0,2537.5,9621.0,,,0.0
1550,2020-12-31,SG,1,2899.98,313333.0,1.0,0.0,0.0
1551,2020-12-31,GR,1,3348.0,120785.0,1.0,0.0,0.0
1552,2020-12-31,AG,1,3021.2,427461.0,0.0,0.0,0.0
1553,2020-12-31,TG,0,2672.7,174019.0,,,0.0
1554,2020-12-31,TI,15,3864.11,207438.0,0.07,0.6,0.0
1555,2020-12-31,VD,4,2806.47,502049.0,0.75,0.25,0.0
1556,2020-12-31,VS,0,2649.0,210723.0,,,0.0
1557,2020-12-31,NE,5,2716.0,105285.0,0.6,0.4,0.0
1558,2020-12-31,GE,11,2800.5,316942.0,0.45,0.18,0.0
1559,2020-12-31,JU,0,3546.15,42660.0,,,0.0
1560,2021-01-31,ZG,83,2826.75,80641.0,0.42,0.41,1.0
1561,2021-01-31,ZH,36,4072.0,984746.0,0.44,0.39,0.0
1562,2021-01-31,BE,4,3114.45,621199.0,0.25,0.0,0.0
1563,2021-01-31,LU,3,2629.7,258090.0,0.67,0.0,0.0
1564,2021-01-31,UR,1,2529.65,21709.0,0.0,0.0,0.0
1565,2021-01-31,SZ,4,2813.65,101748.0,0.5,0.5,0.0
1566,2021-01-31,OW,1,2556.5,23127.0,1.0,0.0,0.0
1567,2021-01-31,NW,0,2404.0,26489.0,,,0.0
1568,2021-01-31,GL,0,2678.0,24747.0,,,0.0
1569,2021-01-31,FR,0,2827.7,203367.0,,,0.0
1570,2021-01-31,SO,0,3141.0,169413.0,,,0.0
1571,2021-01-31,BS,1,2695.0,122872.0,0.0,0.0,0.0
1572,2021-01-31,BL,0,3707.4,170238.0,,,0.0
1573,2021-01-31,SH,1,2791.73,49828.0,0.0,0.0,0.0
1574,2021-01-31,AR,0,3390.0,32862.0,,,0.0
1575,2021-01-31,AI,0,2537.5,9616.0,,,0.0
1576,2021-01-31,SG,1,2899.98,314899.0,1.0,0.0,0.0
1577,2021-01-31,GR,1,3348.0,121024.0,1.0,0.0,0.0
1578,2021-01-31,AG,1,3013.6,430594.0,0.0,0.0,0.0
1579,2021-01-31,TG,0,2672.7,174636.0,,,0.0
1580,2021-01-31,TI,15,3864.11,207470.0,0.07,0.6,0.0
1581,2021-01-31,VD,4,2800.73,506501.0,0.75,0.25,0.0
1582,2021-01-31,VS,0,2649.0,213030.0,,,0.0
1583,2021-01-31,NE,5,2716.0,105216.0,0.6,0.4,0.0
1584,2021-01-31,GE,11,2867.32,317976.0,0.45,0.18,0.0
1585,2021-01-31,JU,0,3546.15,42536.0,,,0.0
1586,2021-02-28,ZG,84,2826.75,80641.0,0.43,0.4,1.0
1587,2021-02-28,ZH,36,4072.0,984746.0,0.44,0.39,0.0
1588,2021-02-28,BE,4,3114.45,621199.0,0.25,0.0,0.0
1589,2021-02-28,LU,4,2629.7,258090.0,0.5,0.25,0.0
1590,2021-02-28,UR,1,2529.65,21709.0,0.0,0.0,0.0
1591,2021-02-28,SZ,4,2813.65,101748.0,0.5,0.5,0.0
1592,2021-02-28,OW,1,2556.5,23127.0,1.0,0.0,0.0
1593,2021-02-28,NW,0,2404.0,26489.0,,,0.0
1594,2021-02-28,GL,0,2678.0,24747.0,,,0.0
1595,2021-02-28,FR,0,2827.7,203367.0,,,0.0
1596,2021-02-28,SO,0,3141.0,169413.0,,,0.0
1597,2021-02-28,BS,1,2695.0,122872.0,0.0,0.0,0.0
1598,2021-02-28,BL,0,3707.4,170238.0,,,0.0
1599,2021-02-28,SH,1,2791.73,49828.0,0.0,0.0,0.0
1600,2021-02-28,AR,0,3390.0,32862.0,,,0.0
1601,2021-02-28,AI,0,2537.5,9616.0,,,0.0
1602,2021-02-28,SG,1,2899.98,314899.0,1.0,0.0,0.0
1603,2021-02-28,GR,1,3348.0,121024.0,1.0,0.0,0.0
1604,2021-02-28,AG,1,3013.6,430594.0,0.0,0.0,0.0
1605,2021-02-28,TG,0,2672.7,174636.0,,,0.0
1606,2021-02-28,TI,15,3864.11,207470.0,0.07,0.6,0.0
1607,2021-02-28,VD,4,2800.73,506501.0,0.75,0.25,0.0
1608,2021-02-28,VS,1,2649.0,213030.0,0.0,0.0,0.0
1609,2021-02-28,NE,5,2716.0,105216.0,0.6,0.4,0.0
1610,2021-02-28,GE,11,2867.32,317976.0,0.45,0.18,0.0
1611,2021-02-28,JU,0,3546.15,42536.0,,,0.0
1612,2021-03-31,ZG,87,2826.75,80641.0,0.41,0.39,1.0
1613,2021-03-31,ZH,37,4072.0,984746.0,0.43,0.41,0.0
1614,2021-03-31,BE,4,3114.45,621199.0,0.25,0.0,0.0
1615,2021-03-31,LU,4,2629.7,258090.0,0.5,0.25,0.0
1616,2021-03-31,UR,1,2529.65,21709.0,0.0,0.0,0.0
1617,2021-03-31,SZ,5,2813.65,101748.0,0.4,0.6,0.0
1618,2021-03-31,OW,1,2556.5,23127.0,1.0,0.0,0.0
1619,2021-03-31,NW,0,2404.0,26489.0,,,0.0
1620,2021-03-31,GL,0,2678.0,24747.0,,,0.0
1621,2021-03-31,FR,0,2827.7,203367.0,,,0.0
1622,2021-03-31,SO,0,3141.0,169413.0,,,0.0
1623,2021-03-31,BS,1,2695.0,122872.0,0.0,0.0,0.0
1624,2021-03-31,BL,0,3707.4,170238.0,,,0.0
1625,2021-03-31,SH,1,2791.73,49828.0,0.0,0.0,0.0
1626,2021-03-31,AR,0,3390.0,32862.0,,,0.0
1627,2021-03-31,AI,0,2537.5,9616.0,,,0.0
1628,2021-03-31,SG,1,2899.98,314899.0,1.0,0.0,0.0
1629,2021-03-31,GR,1,3348.0,121024.0,1.0,0.0,0.0
1630,2021-03-31,AG,1,3013.6,430594.0,0.0,0.0,0.0
1631,2021-03-31,TG,0,2672.7,174636.0,,,0.0
1632,2021-03-31,TI,15,3864.11,207470.0,0.07,0.6,0.0
1633,2021-03-31,VD,5,2800.73,506501.0,0.8,0.2,0.0
1634,2021-03-31,VS,2,2649.0,213030.0,0.5,0.0,0.0
1635,2021-03-31,NE,5,2716.0,105216.0,0.6,0.4,0.0
1636,2021-03-31,GE,11,2867.32,317976.0,0.45,0.18,0.0
1637,2021-03-31,JU,0,3546.15,42536.0,,,0.0
1638,2021-04-30,ZG,88,2826.75,80641.0,0.41,0.4,1.0
1639,2021-04-30,ZH,38,4072.0,984746.0,0.42,0.39,0.0
1640,2021-04-30,BE,4,3114.45,621199.0,0.25,0.0,0.0
1641,2021-04-30,LU,4,2629.7,258090.0,0.5,0.25,0.0
1642,2021-04-30,UR,1,2529.65,21709.0,0.0,0.0,0.0
1643,2021-04-30,SZ,5,2813.65,101748.0,0.4,0.6,0.0
1644,2021-04-30,OW,1,2556.5,23127.0,1.0,0.0,0.0
1645,2021-04-30,NW,0,2404.0,26489.0,,,0.0
1646,2021-04-30,GL,0,2678.0,24747.0,,,0.0
1647,2021-04-30,FR,0,2827.7,203367.0,,,0.0
1648,2021-04-30,SO,0,3141.0,169413.0,,,0.0
1649,2021-04-30,BS,1,2695.0,122872.0,0.0,0.0,0.0
1650,2021-04-30,BL,0,3707.4,170238.0,,,0.0
1651,2021-04-30,SH,1,2791.73,49828.0,0.0,0.0,0.0
1652,2021-04-30,AR,0,3390.0,32862.0,,,0.0
1653,2021-04-30,AI,0,2537.5,9616.0,,,0.0
1654,2021-04-30,SG,1,2899.98,314899.0,1.0,0.0,0.0
1655,2021-04-30,GR,1,3348.0,121024.0,1.0,0.0,0.0
1656,2021-04-30,AG,1,3013.6,430594.0,0.0,0.0,0.0
1657,2021-04-30,TG,0,2672.7,174636.0,,,0.0
1658,2021-04-30,TI,15,3864.11,207470.0,0.07,0.6,0.0
1659,2021-04-30,VD,5,2800.73,506501.0,0.8,0.2,0.0
1660,2021-04-30,VS,2,2649.0,213030.0,0.5,0.0,0.0
1661,2021-04-30,NE,5,2716.0,105216.0,0.6,0.4,0.0
1662,2021-04-30,GE,11,2867.32,317976.0,0.45,0.18,0.0
1663,2021-04-30,JU,0,3546.15,42536.0,,,0.0
1664,2021-05-31,ZG,91,2826.75,80641.0,0.42,0.4,1.0
1665,2021-05-31,ZH,40,4072.0,984746.0,0.42,0.4,0.0
1666,2021-05-31,BE,4,3114.45,621199.0,0.25,0.0,0.0
1667,2021-05-31,LU,4,2629.7,258090.0,0.5,0.25,0.0
1668,2021-05-31,UR,1,2529.65,21709.0,0.0,0.0,0.0
1669,2021-05-31,SZ,5,2813.65,101748.0,0.4,0.6,0.0
1670,2021-05-31,OW,1,2556.5,23127.0,1.0,0.0,0.0
1671,2021-05-31,NW,0,2404.0,26489.0,,,0.0
1672,2021-05-31,GL,0,2678.0,24747.0,,,0.0
1673,2021-05-31,FR,0,2827.7,203367.0,,,0.0
1674,2021-05-31,SO,0,3141.0,169413.0,,,0.0
1675,2021-05-31,BS,1,2695.0,122872.0,0.0,0.0,0.0
1676,2021-05-31,BL,0,3707.4,170238.0,,,0.0
1677,2021-05-31,SH,1,2791.73,49828.0,0.0,0.0,0.0
1678,2021-05-31,AR,0,3390.0,32862.0,,,0.0
1679,2021-05-31,AI,0,2537.5,9616.0,,,0.0
1680,2021-05-31,SG,1,2899.98,314899.0,1.0,0.0,0.0
1681,2021-05-31,GR,2,3348.0,121024.0,1.0,0.0,0.0
1682,2021-05-31,AG,1,3013.6,430594.0,0.0,0.0,0.0
1683,2021-05-31,TG,0,2672.7,174636.0,,,0.0
1684,2021-05-31,TI,15,3864.11,207470.0,0.07,0.6,0.0
1685,2021-05-31,VD,5,2800.73,506501.0,0.8,0.2,0.0
1686,2021-05-31,VS,2,2649.0,213030.0,0.5,0.0,0.0
1687,2021-05-31,NE,5,2716.0,105216.0,0.6,0.4,0.0
1688,2021-05-31,GE,11,2867.32,317976.0,0.45,0.18,0.0
1689,2021-05-31,JU,0,3546.15,42536.0,,,0.0
1690,2021-06-30,ZG,94,2826.75,80641.0,0.43,0.39,1.0
1691,2021-06-30,ZH,42,4072.0,984746.0,0.43,0.4,0.0
1692,2021-06-30,BE,4,3114.45,621199.0,0.25,0.0,0.0
1693,2021-06-30,LU,4,2629.7,258090.0,0.5,0.25,0.0
1694,2021-06-30,UR,1,2529.65,21709.0,0.0,0.0,0.0
1695,2021-06-30,SZ,5,2813.65,101748.0,0.4,0.6,0.0
1696,2021-06-30,OW,1,2556.5,23127.0,1.0,0.0,0.0
1697,2021-06-30,NW,0,2404.0,26489.0,,,0.0
1698,2021-06-30,GL,0,2678.0,24747.0,,,0.0
1699,2021-06-30,FR,1,2827.7,203367.0,1.0,0.0,0.0
1700,2021-06-30,SO,0,3141.0,169413.0,,,0.0
1701,2021-06-30,BS,1,2695.0,122872.0,0.0,0.0,0.0
1702,2021-06-30,BL,0,3707.4,170238.0,,,0.0
1703,2021-06-30,SH,1,2791.73,49828.0,0.0,0.0,0.0
1704,2021-06-30,AR,0,3390.0,32862.0,,,0.0
1705,2021-06-30,AI,0,2537.5,9616.0,,,0.0
1706,2021-06-30,SG,1,2899.98,314899.0,1.0,0.0,0.0
1707,2021-06-30,GR,2,3348.0,121024.0,1.0,0.0,0.0
1708,2021-06-30,AG,1,3013.6,430594.0,0.0,0.0,0.0
1709,2021-06-30,TG,0,2672.7,174636.0,,,0.0
1710,2021-06-30,TI,15,3864.11,207470.0,0.07,0.6,0.0
1711,2021-06-30,VD,6,2800.73,506501.0,0.83,0.17,0.0
1712,2021-06-30,VS,2,2649.0,213030.0,0.5,0.0,0.0
1713,2021-06-30,NE,5,2716.0,105216.0,0.6,0.4,0.0
1714,2021-06-30,GE,11,2867.32,317976.0,0.45,0.18,0.0
1715,2021-06-30,JU,0,3546.15,42536.0,,,0.0
1716,2021-07-31,ZG,95,2826.75,80641.0,0.42,0.4,1.0
1717,2021-07-31,ZH,42,4072.0,984746.0,0.43,0.4,0.0
1718,2021-07-31,BE,4,3114.45,621199.0,0.25,0.0,0.0
1719,2021-07-31,LU,4,2629.7,258090.0,0.5,0.25,0.0
1720,2021-07-31,UR,1,2529.65,21709.0,0.0,0.0,0.0
1721,2021-07-31,SZ,5,2813.65,101748.0,0.4,0.6,0.0
1722,2021-07-31,OW,1,2556.5,23127.0,1.0,0.0,0.0
1723,2021-07-31,NW,0,2404.0,26489.0,,,0.0
1724,2021-07-31,GL,0,2678.0,24747.0,,,0.0
1725,2021-07-31,FR,1,2827.7,203367.0,1.0,0.0,0.0
1726,2021-07-31,SO,0,3141.0,169413.0,,,0.0
1727,2021-07-31,BS,1,2695.0,122872.0,0.0,0.0,0.0
1728,2021-07-31,BL,0,3707.4,170238.0,,,0.0
1729,2021-07-31,SH,1,2791.73,49828.0,0.0,0.0,0.0
1730,2021-07-31,AR,0,3390.0,32862.0,,,0.0
1731,2021-07-31,AI,0,2537.5,9616.0,,,0.0
1732,2021-07-31,SG,1,2899.98,314899.0,1.0,0.0,0.0
1733,2021-07-31,GR,2,3348.0,121024.0,1.0,0.0,0.0
1734,2021-07-31,AG,1,3013.6,430594.0,0.0,0.0,0.0
1735,2021-07-31,TG,0,2672.7,174636.0,,,0.0
1736,2021-07-31,TI,15,3864.11,207470.0,0.07,0.6,0.0
1737,2021-07-31,VD,6,2800.73,506501.0,0.83,0.17,0.0
1738,2021-07-31,VS,2,2649.0,213030.0,0.5,0.0,0.0
1739,2021-07-31,NE,6,2716.0,105216.0,0.5,0.5,0.0
1740,2021-07-31,GE,12,2867.32,317976.0,0.42,0.25,0.0
1741,2021-07-31,JU,0,3546.15,42536.0,,,0.0
1742,2021-08-31,ZG,96,2826.75,80641.0,0.42,0.4,1.0
1743,2021-08-31,ZH,42,4072.0,984746.0,0.43,0.4,0.0
1744,2021-08-31,BE,4,3114.45,621199.0,0.25,0.0,0.0
1745,2021-08-31,LU,4,2629.7,258090.0,0.5,0.25,0.0
1746,2021-08-31,UR,1,2529.65,21709.0,0.0,0.0,0.0
1747,2021-08-31,SZ,5,2813.65,101748.0,0.4,0.6,0.0
1748,2021-08-31,OW,1,2556.5,23127.0,1.0,0.0,0.0
1749,2021-08-31,NW,0,2404.0,26489.0,,,0.0
1750,2021-08-31,GL,0,2678.0,24747.0,,,0.0
1751,2021-08-31,FR,1,2827.7,203367.0,1.0,0.0,0.0
1752,2021-08-31,SO,0,3141.0,169413.0,,,0.0
1753,2021-08-31,BS,1,2695.0,122872.0,0.0,0.0,0.0
1754,2021-08-31,BL,0,3707.4,170238.0,,,0.0
1755,2021-08-31,SH,1,2791.73,49828.0,0.0,0.0,0.0
1756,2021-08-31,AR,0,3390.0,32862.0,,,0.0
1757,2021-08-31,AI,0,2537.5,9616.0,,,0.0
1758,2021-08-31,SG,1,2899.98,314899.0,1.0,0.0,0.0
1759,2021-08-31,GR,2,3348.0,121024.0,1.0,0.0,0.0
1760,2021-08-31,AG,1,3013.6,430594.0,0.0,0.0,0.0
1761,2021-08-31,TG,0,2672.7,174636.0,,,0.0
1762,2021-08-31,TI,15,3864.11,207470.0,0.07,0.6,0.0
1763,2021-08-31,VD,7,2800.73,506501.0,0.71,0.14,0.0
1764,2021-08-31,VS,2,2649.0,213030.0,0.5,0.0,0.0
1765,2021-08-31,NE,6,2716.0,105216.0,0.5,0.5,0.0
1766,2021-08-31,GE,12,2867.32,317976.0,0.42,0.25,0.0
1767,2021-08-31,JU,0,3546.15,42536.0,,,0.0
1768,2021-09-30,ZG,99,2826.75,80641.0,0.42,0.39,1.0
1769,2021-09-30,ZH,44,4072.0,984746.0,0.43,0.39,0.0
1770,2021-09-30,BE,4,3114.45,621199.0,0.25,0.0,0.0
1771,2021-09-30,LU,4,2629.7,258090.0,0.5,0.25,0.0
1772,2021-09-30,UR,1,2529.65,21709.0,0.0,0.0,0.0
1773,2021-09-30,SZ,5,2813.65,101748.0,0.4,0.6,0.0
1774,2021-09-30,OW,1,2556.5,23127.0,1.0,0.0,0.0
1775,2021-09-30,NW,0,2404.0,26489.0,,,0.0
1776,2021-09-30,GL,0,2678.0,24747.0,,,0.0
1777,2021-09-30,FR,1,2827.7,203367.0,1.0,0.0,0.0
1778,2021-09-30,SO,0,3141.0,169413.0,,,0.0
1779,2021-09-30,BS,1,2695.0,122872.0,0.0,0.0,0.0
1780,2021-09-30,BL,0,3707.4,170238.0,,,0.0
1781,2021-09-30,SH,1,2791.73,49828.0,0.0,0.0,0.0
1782,2021-09-30,AR,0,3390.0,32862.0,,,0.0
1783,2021-09-30,AI,0,2537.5,9616.0,,,0.0
1784,2021-09-30,SG,1,2899.98,314899.0,1.0,0.0,0.0
1785,2021-09-30,GR,2,3348.0,121024.0,1.0,0.0,0.0
1786,2021-09-30,AG,1,3013.6,430594.0,0.0,0.0,0.0
1787,2021-09-30,TG,0,2672.7,174636.0,,,0.0
1788,2021-09-30,TI,15,3864.11,207470.0,0.07,0.6,0.0
1789,2021-09-30,VD,7,2800.73,506501.0,0.71,0.14,0.0
1790,2021-09-30,VS,2,2649.0,213030.0,0.5,0.0,0.0
1791,2021-09-30,NE,6,2716.0,105216.0,0.5,0.5,0.0
1792,2021-09-30,GE,13,2867.32,317976.0,0.38,0.23,0.0
1793,2021-09-30,JU,0,3546.15,42536.0,,,0.0
1794,2021-10-31,ZG,100,2826.75,80641.0,0.42,0.39,1.0
1795,2021-10-31,ZH,46,4072.0,984746.0,0.46,0.37,0.0
1796,2021-10-31,BE,4,3114.45,621199.0,0.25,0.0,0.0
1797,2021-10-31,LU,4,2629.7,258090.0,0.5,0.25,0.0
1798,2021-10-31,UR,1,2529.65,21709.0,0.0,0.0,0.0
1799,2021-10-31,SZ,5,2813.65,101748.0,0.4,0.6,0.0
1800,2021-10-31,OW,1,2556.5,23127.0,1.0,0.0,0.0
1801,2021-10-31,NW,0,2404.0,26489.0,,,0.0
1802,2021-10-31,GL,0,2678.0,24747.0,,,0.0
1803,2021-10-31,FR,1,2827.7,203367.0,1.0,0.0,0.0
1804,2021-10-31,SO,0,3141.0,169413.0,,,0.0
1805,2021-10-31,BS,1,2695.0,122872.0,0.0,0.0,0.0
1806,2021-10-31,BL,0,3707.4,170238.0,,,0.0
1807,2021-10-31,SH,1,2791.73,49828.0,0.0,0.0,0.0
1808,2021-10-31,AR,0,3390.0,32862.0,,,0.0
1809,2021-10-31,AI,0,2537.5,9616.0,,,0.0
1810,2021-10-31,SG,1,2899.98,314899.0,1.0,0.0,0.0
1811,2021-10-31,GR,2,3348.0,121024.0,1.0,0.0,0.0
1812,2021-10-31,AG,1,3013.6,430594.0,0.0,0.0,0.0
1813,2021-10-31,TG,0,2672.7,174636.0,,,0.0
1814,2021-10-31,TI,15,3864.11,207470.0,0.07,0.6,0.0
1815,2021-10-31,VD,7,2800.73,506501.0,0.71,0.14,0.0
1816,2021-10-31,VS,2,2649.0,213030.0,0.5,0.0,0.0
1817,2021-10-31,NE,6,2716.0,105216.0,0.5,0.5,0.0
1818,2021-10-31,GE,14,2867.32,317976.0,0.43,0.21,0.0
1819,2021-10-31,JU,0,3546.15,42536.0,,,0.0
1820,2021-11-30,ZG,101,2826.75,80641.0,0.42,0.39,1.0
1821,2021-11-30,ZH,47,4072.0,984746.0,0.45,0.38,0.0
1822,2021-11-30,BE,4,3114.45,621199.0,0.25,0.0,0.0
1823,2021-11-30,LU,4,2629.7,258090.0,0.5,0.25,0.0
1824,2021-11-30,UR,1,2529.65,21709.0,0.0,0.0,0.0
1825,2021-11-30,SZ,5,2813.65,101748.0,0.4,0.6,0.0
1826,2021-11-30,OW,1,2556.5,23127.0,1.0,0.0,0.0
1827,2021-11-30,NW,0,2404.0,26489.0,,,0.0
1828,2021-11-30,GL,0,2678.0,24747.0,,,0.0
1829,2021-11-30,FR,1,2827.7,203367.0,1.0,0.0,0.0
1830,2021-11-30,SO,0,3141.0,169413.0,,,0.0
1831,2021-11-30,BS,1,2695.0,122872.0,0.0,0.0,0.0
1832,2021-11-30,BL,1,3707.4,170238.0,0.0,0.0,0.0
1833,2021-11-30,SH,1,2791.73,49828.0,0.0,0.0,0.0
1834,2021-11-30,AR,0,3390.0,32862.0,,,0.0
1835,2021-11-30,AI,0,2537.5,9616.0,,,0.0
1836,2021-11-30,SG,1,2899.98,314899.0,1.0,0.0,0.0
1837,2021-11-30,GR,2,3348.0,121024.0,1.0,0.0,0.0
1838,2021-11-30,AG,1,3013.6,430594.0,0.0,0.0,0.0
1839,2021-11-30,TG,0,2672.7,174636.0,,,0.0
1840,2021-11-30,TI,16,3864.11,207470.0,0.06,0.62,0.0
1841,2021-11-30,VD,7,2800.73,506501.0,0.71,0.14,0.0
1842,2021-11-30,VS,2,2649.0,213030.0,0.5,0.0,0.0
1843,2021-11-30,NE,6,2716.0,105216.0,0.5,0.5,0.0
1844,2021-11-30,GE,14,2867.32,317976.0,0.43,0.21,0.0
1845,2021-11-30,JU,0,3546.15,42536.0,,,0.0
1846,2021-12-31,ZG,107,2826.75,80641.0,0.41,0.39,1.0
1847,2021-12-31,ZH,48,4072.0,984746.0,0.44,0.38,0.0
1848,2021-12-31,BE,4,3114.45,621199.0,0.25,0.0,0.0
1849,2021-12-31,LU,4,2629.7,258090.0,0.5,0.25,0.0
1850,2021-12-31,UR,1,2529.65,21709.0,0.0,0.0,0.0
1851,2021-12-31,SZ,5,2813.65,101748.0,0.4,0.6,0.0
1852,2021-12-31,OW,1,2556.5,23127.0,1.0,0.0,0.0
1853,2021-12-31,NW,0,2404.0,26489.0,,,0.0
1854,2021-12-31,GL,0,2678.0,24747.0,,,0.0
1855,2021-12-31,FR,2,2827.7,203367.0,1.0,0.0,0.0
1856,2021-12-31,SO,0,3141.0,169413.0,,,0.0
1857,2021-12-31,BS,1,2695.0,122872.0,0.0,0.0,0.0
1858,2021-12-31,BL,1,3707.4,170238.0,0.0,0.0,0.0
1859,2021-12-31,SH,1,2791.73,49828.0,0.0,0.0,0.0
1860,2021-12-31,AR,0,3390.0,32862.0,,,0.0
1861,2021-12-31,AI,0,2537.5,9616.0,,,0.0
1862,2021-12-31,SG,1,2899.98,314899.0,1.0,0.0,0.0
1863,2021-12-31,GR,2,3348.0,121024.0,1.0,0.0,0.0
1864,2021-12-31,AG,1,3013.6,430594.0,0.0,0.0,0.0
1865,2021-12-31,TG,0,2672.7,174636.0,,,0.0
1866,2021-12-31,TI,17,3864.11,207470.0,0.06,0.65,0.0
1867,2021-12-31,VD,7,2800.73,506501.0,0.71,0.14,0.0
1868,2021-12-31,VS,2,2649.0,213030.0,0.5,0.0,0.0
1869,2021-12-31,NE,6,2716.0,105216.0,0.5,0.5,0.0
1870,2021-12-31,GE,15,2867.32,317976.0,0.4,0.27,0.0
1871,2021-12-31,JU,0,3546.15,42536.0,,,0.0
1872,2022-01-31,ZG,108,,,0.41,0.39,1.0
1873,2022-01-31,ZH,50,,,0.42,0.38,0.0
1874,2022-01-31,BE,4,,,0.25,0.0,0.0
1875,2022-01-31,LU,4,,,0.5,0.25,0.0
1876,2022-01-31,UR,1,,,0.0,0.0,0.0
1877,2022-01-31,SZ,5,,,0.4,0.6,0.0
1878,2022-01-31,OW,2,,,0.5,0.5,0.0
1879,2022-01-31,NW,0,,,,,0.0
1880,2022-01-31,GL,0,,,,,0.0
1881,2022-01-31,FR,2,,,1.0,0.0,0.0
1882,2022-01-31,SO,0,,,,,0.0
1883,2022-01-31,BS,1,,,0.0,0.0,0.0
1884,2022-01-31,BL,1,,,0.0,0.0,0.0
1885,2022-01-31,SH,1,,,0.0,0.0,0.0
1886,2022-01-31,AR,0,,,,,0.0
1887,2022-01-31,AI,0,,,,,0.0
1888,2022-01-31,SG,1,,,1.0,0.0,0.0
1889,2022-01-31,GR,2,,,1.0,0.0,0.0
1890,2022-01-31,AG,1,,,0.0,0.0,0.0
1891,2022-01-31,TG,0,,,,,0.0
1892,2022-01-31,TI,17,,,0.06,0.65,0.0
1893,2022-01-31,VD,7,,,0.71,0.14,0.0
1894,2022-01-31,VS,2,,,0.5,0.0,0.0
1895,2022-01-31,NE,6,,,0.5,0.5,0.0
1896,2022-01-31,GE,16,,,0.44,0.25,0.0
1897,2022-01-31,JU,0,,,,,0.0
1898,2022-02-28,ZG,110,,,0.41,0.39,1.0
1899,2022-02-28,ZH,52,,,0.42,0.38,0.0
1900,2022-02-28,BE,4,,,0.25,0.0,0.0
1901,2022-02-28,LU,4,,,0.5,0.25,0.0
1902,2022-02-28,UR,1,,,0.0,0.0,0.0
1903,2022-02-28,SZ,5,,,0.4,0.6,0.0
1904,2022-02-28,OW,2,,,0.5,0.5,0.0
1905,2022-02-28,NW,0,,,,,0.0
1906,2022-02-28,GL,0,,,,,0.0
1907,2022-02-28,FR,2,,,1.0,0.0,0.0
1908,2022-02-28,SO,0,,,,,0.0
1909,2022-02-28,BS,1,,,0.0,0.0,0.0
1910,2022-02-28,BL,1,,,0.0,0.0,0.0
1911,2022-02-28,SH,1,,,0.0,0.0,0.0
1912,2022-02-28,AR,0,,,,,0.0
1913,2022-02-28,AI,0,,,,,0.0
1914,2022-02-28,SG,1,,,1.0,0.0,0.0
1915,2022-02-28,GR,2,,,1.0,0.0,0.0
1916,2022-02-28,AG,1,,,0.0,0.0,0.0
1917,2022-02-28,TG,0,,,,,0.0
1918,2022-02-28,TI,17,,,0.06,0.65,0.0
1919,2022-02-28,VD,8,,,0.62,0.25,0.0
1920,2022-02-28,VS,2,,,0.5,0.0,0.0
1921,2022-02-28,NE,6,,,0.5,0.5,0.0
1922,2022-02-28,GE,17,,,0.41,0.29,0.0
1923,2022-02-28,JU,0,,,,,0.0
1924,2022-03-31,ZG,113,,,0.41,0.39,1.0
1925,2022-03-31,ZH,53,,,0.43,0.38,0.0
1926,2022-03-31,BE,5,,,0.2,0.0,0.0
1927,2022-03-31,LU,4,,,0.5,0.25,0.0
1928,2022-03-31,UR,1,,,0.0,0.0,0.0
1929,2022-03-31,SZ,5,,,0.4,0.6,0.0
1930,2022-03-31,OW,2,,,0.5,0.5,0.0
1931,2022-03-31,NW,0,,,,,0.0
1932,2022-03-31,GL,0,,,,,0.0
1933,2022-03-31,FR,2,,,1.0,0.0,0.0
1934,2022-03-31,SO,0,,,,,0.0
1935,2022-03-31,BS,1,,,0.0,0.0,0.0
1936,2022-03-31,BL,1,,,0.0,0.0,0.0
1937,2022-03-31,SH,1,,,0.0,0.0,0.0
1938,2022-03-31,AR,0,,,,,0.0
1939,2022-03-31,AI,0,,,,,0.0
1940,2022-03-31,SG,1,,,1.0,0.0,0.0
1941,2022-03-31,GR,2,,,1.0,0.0,0.0
1942,2022-03-31,AG,1,,,0.0,0.0,0.0
1943,2022-03-31,TG,0,,,,,0.0
1944,2022-03-31,TI,17,,,0.06,0.65,0.0
1945,2022-03-31,VD,8,,,0.62,0.25,0.0
1946,2022-03-31,VS,2,,,0.5,0.0,0.0
1947,2022-03-31,NE,6,,,0.5,0.5,0.0
1948,2022-03-31,GE,19,,,0.42,0.26,0.0
1949,2022-03-31,JU,0,,,,,0.0
1950,2022-04-30,ZG,113,,,0.41,0.39,1.0
1951,2022-04-30,ZH,56,,,0.43,0.38,0.0
1952,2022-04-30,BE,5,,,0.2,0.0,0.0
1953,2022-04-30,LU,4,,,0.5,0.25,0.0
1954,2022-04-30,UR,1,,,0.0,0.0,0.0
1955,2022-04-30,SZ,5,,,0.4,0.6,0.0
1956,2022-04-30,OW,2,,,0.5,0.5,0.0
1957,2022-04-30,NW,0,,,,,0.0
1958,2022-04-30,GL,0,,,,,0.0
1959,2022-04-30,FR,2,,,1.0,0.0,0.0
1960,2022-04-30,SO,0,,,,,0.0
1961,2022-04-30,BS,1,,,0.0,0.0,0.0
1962,2022-04-30,BL,1,,,0.0,0.0,0.0
1963,2022-04-30,SH,1,,,0.0,0.0,0.0
1964,2022-04-30,AR,0,,,,,0.0
1965,2022-04-30,AI,0,,,,,0.0
1966,2022-04-30,SG,1,,,1.0,0.0,0.0
1967,2022-04-30,GR,2,,,1.0,0.0,0.0
1968,2022-04-30,AG,1,,,0.0,0.0,0.0
1969,2022-04-30,TG,0,,,,,0.0
1970,2022-04-30,TI,17,,,0.06,0.65,0.0
1971,2022-04-30,VD,8,,,0.62,0.25,0.0
1972,2022-04-30,VS,2,,,0.5,0.0,0.0
1973,2022-04-30,NE,6,,,0.5,0.5,0.0
1974,2022-04-30,GE,19,,,0.42,0.26,0.0
1975,2022-04-30,JU,0,,,,,0.0
1976,2022-05-31,ZG,115,,,0.4,0.39,1.0
1977,2022-05-31,ZH,57,,,0.42,0.37,0.0
1978,2022-05-31,BE,5,,,0.2,0.0,0.0
1979,2022-05-31,LU,5,,,0.4,0.2,0.0
1980,2022-05-31,UR,1,,,0.0,0.0,0.0
1981,2022-05-31,SZ,5,,,0.4,0.6,0.0
1982,2022-05-31,OW,2,,,0.5,0.5,0.0
1983,2022-05-31,NW,0,,,,,0.0
1984,2022-05-31,GL,0,,,,,0.0
1985,2022-05-31,FR,2,,,1.0,0.0,0.0
1986,2022-05-31,SO,0,,,,,0.0
1987,2022-05-31,BS,1,,,0.0,0.0,0.0
1988,2022-05-31,BL,1,,,0.0,0.0,0.0
1989,2022-05-31,SH,1,,,0.0,0.0,0.0
1990,2022-05-31,AR,0,,,,,0.0
1991,2022-05-31,AI,0,,,,,0.0
1992,2022-05-31,SG,1,,,1.0,0.0,0.0
1993,2022-05-31,GR,2,,,1.0,0.0,0.0
1994,2022-05-31,AG,1,,,0.0,0.0,0.0
1995,2022-05-31,TG,0,,,,,0.0
1996,2022-05-31,TI,17,,,0.06,0.65,0.0
1997,2022-05-31,VD,9,,,0.56,0.22,0.0
1998,2022-05-31,VS,2,,,0.5,0.0,0.0
1999,2022-05-31,NE,6,,,0.5,0.5,0.0
2000,2022-05-31,GE,19,,,0.42,0.26,0.0
2001,2022-05-31,JU,1,,,0.0,0.0,0.0
2002,2022-06-30,ZG,119,,,0.4,0.39,1.0
2003,2022-06-30,ZH,57,,,0.42,0.37,0.0
2004,2022-06-30,BE,5,,,0.2,0.0,0.0
2005,2022-06-30,LU,5,,,0.4,0.2,0.0
2006,2022-06-30,UR,1,,,0.0,0.0,0.0
2007,2022-06-30,SZ,5,,,0.4,0.6,0.0
2008,2022-06-30,OW,2,,,0.5,0.5,0.0
2009,2022-06-30,NW,0,,,,,0.0
2010,2022-06-30,GL,0,,,,,0.0
2011,2022-06-30,FR,2,,,1.0,0.0,0.0
2012,2022-06-30,SO,0,,,,,0.0
2013,2022-06-30,BS,1,,,0.0,0.0,0.0
2014,2022-06-30,BL,1,,,0.0,0.0,0.0
2015,2022-06-30,SH,1,,,0.0,0.0,0.0
2016,2022-06-30,AR,0,,,,,0.0
2017,2022-06-30,AI,0,,,,,0.0
2018,2022-06-30,SG,1,,,1.0,0.0,0.0
2019,2022-06-30,GR,2,,,1.0,0.0,0.0
2020,2022-06-30,AG,1,,,0.0,0.0,0.0
2021,2022-06-30,TG,0,,,,,0.0
2022,2022-06-30,TI,17,,,0.06,0.65,0.0
2023,2022-06-30,VD,10,,,0.6,0.2,0.0
2024,2022-06-30,VS,2,,,0.5,0.0,0.0
2025,2022-06-30,NE,6,,,0.5,0.5,0.0
2026,2022-06-30,GE,19,,,0.42,0.26,0.0
2027,2022-06-30,JU,1,,,0.0,0.0,0.0
2028,2022-07-31,ZG,120,,,0.4,0.38,1.0
2029,2022-07-31,ZH,57,,,0.42,0.37,0.0
2030,2022-07-31,BE,5,,,0.2,0.0,0.0
2031,2022-07-31,LU,5,,,0.4,0.2,0.0
2032,2022-07-31,UR,1,,,0.0,0.0,0.0
2033,2022-07-31,SZ,5,,,0.4,0.6,0.0
2034,2022-07-31,OW,2,,,0.5,0.5,0.0
2035,2022-07-31,NW,0,,,,,0.0
2036,2022-07-31,GL,0,,,,,0.0
2037,2022-07-31,FR,2,,,1.0,0.0,0.0
2038,2022-07-31,SO,0,,,,,0.0
2039,2022-07-31,BS,2,,,0.0,0.0,0.0
2040,2022-07-31,BL,1,,,0.0,0.0,0.0
2041,2022-07-31,SH,1,,,0.0,0.0,0.0
2042,2022-07-31,AR,0,,,,,0.0
2043,2022-07-31,AI,0,,,,,0.0
2044,2022-07-31,SG,1,,,1.0,0.0,0.0
2045,2022-07-31,GR,2,,,1.0,0.0,0.0
2046,2022-07-31,AG,1,,,0.0,0.0,0.0
2047,2022-07-31,TG,0,,,,,0.0
2048,2022-07-31,TI,17,,,0.06,0.65,0.0
2049,2022-07-31,VD,10,,,0.6,0.2,0.0
2050,2022-07-31,VS,2,,,0.5,0.0,0.0
2051,2022-07-31,NE,6,,,0.5,0.5,0.0
2052,2022-07-31,GE,20,,,0.4,0.25,0.0
2053,2022-07-31,JU,1,,,0.0,0.0,0.0
2054,2022-08-31,ZG,120,,,0.4,0.38,1.0
2055,2022-08-31,ZH,58,,,0.41,0.36,0.0
2056,2022-08-31,BE,5,,,0.2,0.0,0.0
2057,2022-08-31,LU,5,,,0.4,0.2,0.0
2058,2022-08-31,UR,1,,,0.0,0.0,0.0
2059,2022-08-31,SZ,5,,,0.4,0.6,0.0
2060,2022-08-31,OW,2,,,0.5,0.5,0.0
2061,2022-08-31,NW,0,,,,,0.0
2062,2022-08-31,GL,0,,,,,0.0
2063,2022-08-31,FR,2,,,1.0,0.0,0.0
2064,2022-08-31,SO,0,,,,,0.0
2065,2022-08-31,BS,2,,,0.0,0.0,0.0
2066,2022-08-31,BL,1,,,0.0,0.0,0.0
2067,2022-08-31,SH,1,,,0.0,0.0,0.0
2068,2022-08-31,AR,0,,,,,0.0
2069,2022-08-31,AI,0,,,,,0.0
2070,2022-08-31,SG,1,,,1.0,0.0,0.0
2071,2022-08-31,GR,2,,,1.0,0.0,0.0
2072,2022-08-31,AG,1,,,0.0,0.0,0.0
2073,2022-08-31,TG,0,,,,,0.0
2074,2022-08-31,TI,18,,,0.11,0.61,0.0
2075,2022-08-31,VD,10,,,0.6,0.2,0.0
2076,2022-08-31,VS,2,,,0.5,0.0,0.0
2077,2022-08-31,NE,6,,,0.5,0.5,0.0
2078,2022-08-31,GE,20,,,0.4,0.25,0.0
2079,2022-08-31,JU,1,,,0.0,0.0,0.0
2080,2022-09-30,ZG,120,,,0.4,0.38,1.0
2081,2022-09-30,ZH,60,,,0.42,0.35,0.0
2082,2022-09-30,BE,5,,,0.2,0.0,0.0
2083,2022-09-30,LU,6,,,0.33,0.17,0.0
2084,2022-09-30,UR,1,,,0.0,0.0,0.0
2085,2022-09-30,SZ,5,,,0.4,0.6,0.0
2086,2022-09-30,OW,2,,,0.5,0.5,0.0
2087,2022-09-30,NW,0,,,,,0.0
2088,2022-09-30,GL,0,,,,,0.0
2089,2022-09-30,FR,2,,,1.0,0.0,0.0
2090,2022-09-30,SO,0,,,,,0.0
2091,2022-09-30,BS,2,,,0.0,0.0,0.0
2092,2022-09-30,BL,1,,,0.0,0.0,0.0
2093,2022-09-30,SH,1,,,0.0,0.0,0.0
2094,2022-09-30,AR,0,,,,,0.0
2095,2022-09-30,AI,0,,,,,0.0
2096,2022-09-30,SG,1,,,1.0,0.0,0.0
2097,2022-09-30,GR,2,,,1.0,0.0,0.0
2098,2022-09-30,AG,1,,,0.0,0.0,0.0
2099,2022-09-30,TG,0,,,,,0.0
2100,2022-09-30,TI,18,,,0.11,0.61,0.0
2101,2022-09-30,VD,10,,,0.6,0.2,0.0
2102,2022-09-30,VS,2,,,0.5,0.0,0.0
2103,2022-09-30,NE,7,,,0.57,0.43,0.0
2104,2022-09-30,GE,20,,,0.4,0.25,0.0
2105,2022-09-30,JU,1,,,0.0,0.0,0.0
2106,2022-10-31,ZG,120,,,0.4,0.38,1.0
2107,2022-10-31,ZH,60,,,0.42,0.35,0.0
2108,2022-10-31,BE,5,,,0.2,0.0,0.0
2109,2022-10-31,LU,6,,,0.33,0.17,0.0
2110,2022-10-31,UR,1,,,0.0,0.0,0.0
2111,2022-10-31,SZ,5,,,0.4,0.6,0.0
2112,2022-10-31,OW,2,,,0.5,0.5,0.0
2113,2022-10-31,NW,0,,,,,0.0
2114,2022-10-31,GL,0,,,,,0.0
2115,2022-10-31,FR,2,,,1.0,0.0,0.0
2116,2022-10-31,SO,0,,,,,0.0
2117,2022-10-31,BS,2,,,0.0,0.0,0.0
2118,2022-10-31,BL,1,,,0.0,0.0,0.0
2119,2022-10-31,SH,1,,,0.0,0.0,0.0
2120,2022-10-31,AR,0,,,,,0.0
2121,2022-10-31,AI,1,,,0.0,0.0,0.0
2122,2022-10-31,SG,1,,,1.0,0.0,0.0
2123,2022-10-31,GR,2,,,1.0,0.0,0.0
2124,2022-10-31,AG,1,,,0.0,0.0,0.0
2125,2022-10-31,TG,0,,,,,0.0
2126,2022-10-31,TI,18,,,0.11,0.61,0.0
2127,2022-10-31,VD,10,,,0.6,0.2,0.0
2128,2022-10-31,VS,2,,,0.5,0.0,0.0
2129,2022-10-31,NE,7,,,0.57,0.43,0.0
2130,2022-10-31,GE,20,,,0.4,0.25,0.0
2131,2022-10-31,JU,1,,,0.0,0.0,0.0
2132,2022-11-30,ZG,120,,,0.4,0.38,1.0
2133,2022-11-30,ZH,60,,,0.42,0.35,0.0
2134,2022-11-30,BE,5,,,0.2,0.0,0.0
2135,2022-11-30,LU,6,,,0.33,0.17,0.0
2136,2022-11-30,UR,1,,,0.0,0.0,0.0
2137,2022-11-30,SZ,5,,,0.4,0.6,0.0
2138,2022-11-30,OW,2,,,0.5,0.5,0.0
2139,2022-11-30,NW,0,,,,,0.0
2140,2022-11-30,GL,0,,,,,0.0
2141,2022-11-30,FR,2,,,1.0,0.0,0.0
2142,2022-11-30,SO,0,,,,,0.0
2143,2022-11-30,BS,2,,,0.0,0.0,0.0
2144,2022-11-30,BL,1,,,0.0,0.0,0.0
2145,2022-11-30,SH,1,,,0.0,0.0,0.0
2146,2022-11-30,AR,0,,,,,0.0
2147,2022-11-30,AI,1,,,0.0,0.0,0.0
2148,2022-11-30,SG,1,,,1.0,0.0,0.0
2149,2022-11-30,GR,2,,,1.0,0.0,0.0
2150,2022-11-30,AG,1,,,0.0,0.0,0.0
2151,2022-11-30,TG,0,,,,,0.0
2152,2022-11-30,TI,18,,,0.11,0.61,0.0
2153,2022-11-30,VD,11,,,0.64,0.18,0.0
2154,2022-11-30,VS,2,,,0.5,0.0,0.0
2155,2022-11-30,NE,7,,,0.57,0.43,0.0
2156,2022-11-30,GE,20,,,0.4,0.25,0.0
2157,2022-11-30,JU,1,,,0.0,0.0,0.0
2158,2022-12-31,ZG,120,,,0.4,0.38,1.0
2159,2022-12-31,ZH,60,,,0.42,0.35,0.0
2160,2022-12-31,BE,5,,,0.2,0.0,0.0
2161,2022-12-31,LU,6,,,0.33,0.17,0.0
2162,2022-12-31,UR,1,,,0.0,0.0,0.0
2163,2022-12-31,SZ,5,,,0.4,0.6,0.0
2164,2022-12-31,OW,2,,,0.5,0.5,0.0
2165,2022-12-31,NW,0,,,,,0.0
2166,2022-12-31,GL,0,,,,,0.0
2167,2022-12-31,FR,2,,,1.0,0.0,0.0
2168,2022-12-31,SO,0,,,,,0.0
2169,2022-12-31,BS,2,,,0.0,0.0,0.0
2170,2022-12-31,BL,1,,,0.0,0.0,0.0
2171,2022-12-31,SH,1,,,0.0,0.0,0.0
2172,2022-12-31,AR,0,,,,,0.0
2173,2022-12-31,AI,1,,,0.0,0.0,0.0
2174,2022-12-31,SG,1,,,1.0,0.0,0.0
2175,2022-12-31,GR,2,,,1.0,0.0,0.0
2176,2022-12-31,AG,1,,,0.0,0.0,0.0
2177,2022-12-31,TG,0,,,,,0.0
2178,2022-12-31,TI,18,,,0.11,0.61,0.0
2179,2022-12-31,VD,11,,,0.64,0.18,0.0
2180,2022-12-31,VS,2,,,0.5,0.0,0.0
2181,2022-12-31,NE,7,,,0.57,0.43,0.0
2182,2022-12-31,GE,21,,,0.38,0.24,0.0
2183,2022-12-31,JU,1,,,0.0,0.0,0.0
