Month,Canton,Companies (Y),Tax Burden (TX),Working Population (WP),Share of financial Sector (f),Share of IT Sector (it),Treatment (t)
2016-01-31,ZG,0,2361.0,78376.0,,,0.0
2016-01-31,ZH,0,4356.0,943505.0,,,0.0
2016-01-31,BE,0,3180.9,622339.0,,,0.0
2016-01-31,LU,0,2629.7,251486.0,,,0.0
2016-01-31,UR,0,3004.4892,21652.0,,,0.0
2016-01-31,SZ,0,3063.45,98333.0,,,0.0
2016-01-31,OW,0,2726.3,23026.0,,,0.0
2016-01-31,NW,0,2541.0,26417.0,,,0.0
2016-01-31,GL,0,3362.0,24584.0,,,0.0
2016-01-31,FR,0,3103.05,193603.0,,,0.0
2016-01-31,SO,0,3331.65,166200.0,,,0.0
2016-01-31,BS,0,4857.0,121641.0,,,0.0
2016-01-31,BL,0,3542.0,169564.0,,,0.0
2016-01-31,SH,0,3383.0,48813.0,,,0.0
2016-01-31,AR,0,3390.0,33434.0,,,0.0
2016-01-31,AI,0,2838.0,9527.0,,,0.0
2016-01-31,SG,0,3475.5,309354.0,,,0.0
2016-01-31,GR,0,3747.0,121002.0,,,0.0
2016-01-31,AG,0,3021.2,415503.0,,,0.0
2016-01-31,TG,0,3286.0,169396.0,,,0.0
2016-01-31,TI,0,4356.299999999999,211291.0,,,0.0
2016-01-31,VD,0,4422.21,483842.0,,,0.0
2016-01-31,VS,0,2812.5,206913.0,,,0.0
2016-01-31,NE,0,3126.0,107176.0,,,0.0
2016-01-31,GE,0,4892.0,305371.0,,,0.0
2016-01-31,JU,0,4408.6,42677.0,,,0.0
2016-02-29,ZG,0,2361.0,78376.0,,,0.0
2016-02-29,ZH,0,4356.0,943505.0,,,0.0
2016-02-29,BE,0,3180.9,622339.0,,,0.0
2016-02-29,LU,0,2629.7,251486.0,,,0.0
2016-02-29,UR,0,3004.4892,21652.0,,,0.0
2016-02-29,SZ,0,3063.45,98333.0,,,0.0
2016-02-29,OW,0,2726.3,23026.0,,,0.0
2016-02-29,NW,0,2541.0,26417.0,,,0.0
2016-02-29,GL,0,3362.0,24584.0,,,0.0
2016-02-29,FR,0,3103.05,193603.0,,,0.0
2016-02-29,SO,0,3331.65,166200.0,,,0.0
2016-02-29,BS,0,4857.0,121641.0,,,0.0
2016-02-29,BL,0,3542.0,169564.0,,,0.0
2016-02-29,SH,0,3383.0,48813.0,,,0.0
2016-02-29,AR,0,3390.0,33434.0,,,0.0
2016-02-29,AI,0,2838.0,9527.0,,,0.0
2016-02-29,SG,0,3475.5,309354.0,,,0.0
2016-02-29,GR,0,3747.0,121002.0,,,0.0
2016-02-29,AG,0,3021.2,415503.0,,,0.0
2016-02-29,TG,0,3286.0,169396.0,,,0.0
2016-02-29,TI,0,4356.299999999999,211291.0,,,0.0
2016-02-29,VD,0,4422.21,483842.0,,,0.0
2016-02-29,VS,0,2812.5,206913.0,,,0.0
2016-02-29,NE,0,3126.0,107176.0,,,0.0
2016-02-29,GE,0,4892.0,305371.0,,,0.0
2016-02-29,JU,0,4408.6,42677.0,,,0.0
2016-03-31,ZG,2,2361.0,78376.0,0.5,0.5,0.0
2016-03-31,ZH,0,4356.0,943505.0,,,0.0
2016-03-31,BE,0,3180.9,622339.0,,,0.0
2016-03-31,LU,0,2629.7,251486.0,,,0.0
2016-03-31,UR,0,3004.4892,21652.0,,,0.0
2016-03-31,SZ,0,3063.45,98333.0,,,0.0
2016-03-31,OW,0,2726.3,23026.0,,,0.0
2016-03-31,NW,0,2541.0,26417.0,,,0.0
2016-03-31,GL,0,3362.0,24584.0,,,0.0
2016-03-31,FR,0,3103.05,193603.0,,,0.0
2016-03-31,SO,0,3331.65,166200.0,,,0.0
2016-03-31,BS,0,4857.0,121641.0,,,0.0
2016-03-31,BL,0,3542.0,169564.0,,,0.0
2016-03-31,SH,0,3383.0,48813.0,,,0.0
2016-03-31,AR,0,3390.0,33434.0,,,0.0
2016-03-31,AI,0,2838.0,9527.0,,,0.0
2016-03-31,SG,0,3475.5,309354.0,,,0.0
2016-03-31,GR,0,3747.0,121002.0,,,0.0
2016-03-31,AG,0,3021.2,415503.0,,,0.0
2016-03-31,TG,0,3286.0,169396.0,,,0.0
2016-03-31,TI,0,4356.299999999999,211291.0,,,0.0
2016-03-31,VD,1,4422.21,483842.0,0.0,1.0,0.0
2016-03-31,VS,0,2812.5,206913.0,,,0.0
2016-03-31,NE,0,3126.0,107176.0,,,0.0
2016-03-31,GE,0,4892.0,305371.0,,,0.0
2016-03-31,JU,0,4408.6,42677.0,,,0.0
2016-04-30,ZG,2,2361.0,78376.0,0.5,0.5,0.0
2016-04-30,ZH,2,4356.0,943505.0,0.5,0.5,0.0
2016-04-30,BE,0,3180.9,622339.0,,,0.0
2016-04-30,LU,0,2629.7,251486.0,,,0.0
2016-04-30,UR,0,3004.4892,21652.0,,,0.0
2016-04-30,SZ,0,3063.45,98333.0,,,0.0
2016-04-30,OW,0,2726.3,23026.0,,,0.0
2016-04-30,NW,0,2541.0,26417.0,,,0.0
2016-04-30,GL,0,3362.0,24584.0,,,0.0
2016-04-30,FR,0,3103.05,193603.0,,,0.0
2016-04-30,SO,0,3331.65,166200.0,,,0.0
2016-04-30,BS,0,4857.0,121641.0,,,0.0
2016-04-30,BL,0,3542.0,169564.0,,,0.0
2016-04-30,SH,0,3383.0,48813.0,,,0.0
2016-04-30,AR,0,3390.0,33434.0,,,0.0
2016-04-30,AI,0,2838.0,9527.0,,,0.0
2016-04-30,SG,0,3475.5,309354.0,,,0.0
2016-04-30,GR,0,3747.0,121002.0,,,0.0
2016-04-30,AG,0,3021.2,415503.0,,,0.0
2016-04-30,TG,0,3286.0,169396.0,,,0.0
2016-04-30,TI,0,4356.299999999999,211291.0,,,0.0
2016-04-30,VD,1,4422.21,483842.0,0.0,1.0,0.0
2016-04-30,VS,0,2812.5,206913.0,,,0.0
2016-04-30,NE,0,3126.0,107176.0,,,0.0
2016-04-30,GE,0,4892.0,305371.0,,,0.0
2016-04-30,JU,0,4408.6,42677.0,,,0.0
2016-05-31,ZG,3,2361.0,78376.0,0.3333333333333333,0.3333333333333333,0.0
2016-05-31,ZH,3,4356.0,943505.0,0.3333333333333333,0.6666666666666666,0.0
2016-05-31,BE,0,3180.9,622339.0,,,0.0
2016-05-31,LU,0,2629.7,251486.0,,,0.0
2016-05-31,UR,0,3004.4892,21652.0,,,0.0
2016-05-31,SZ,0,3063.45,98333.0,,,0.0
2016-05-31,OW,0,2726.3,23026.0,,,0.0
2016-05-31,NW,0,2541.0,26417.0,,,0.0
2016-05-31,GL,0,3362.0,24584.0,,,0.0
2016-05-31,FR,0,3103.05,193603.0,,,0.0
2016-05-31,SO,0,3331.65,166200.0,,,0.0
2016-05-31,BS,0,4857.0,121641.0,,,0.0
2016-05-31,BL,0,3542.0,169564.0,,,0.0
2016-05-31,SH,0,3383.0,48813.0,,,0.0
2016-05-31,AR,0,3390.0,33434.0,,,0.0
2016-05-31,AI,0,2838.0,9527.0,,,0.0
2016-05-31,SG,0,3475.5,309354.0,,,0.0
2016-05-31,GR,0,3747.0,121002.0,,,0.0
2016-05-31,AG,0,3021.2,415503.0,,,0.0
2016-05-31,TG,0,3286.0,169396.0,,,0.0
2016-05-31,TI,0,4356.299999999999,211291.0,,,0.0
2016-05-31,VD,1,4422.21,483842.0,0.0,1.0,0.0
2016-05-31,VS,0,2812.5,206913.0,,,0.0
2016-05-31,NE,0,3126.0,107176.0,,,0.0
2016-05-31,GE,0,4892.0,305371.0,,,0.0
2016-05-31,JU,0,4408.6,42677.0,,,0.0
2016-06-30,ZG,3,2361.0,78376.0,0.3333333333333333,0.3333333333333333,0.0
2016-06-30,ZH,3,4356.0,943505.0,0.3333333333333333,0.6666666666666666,0.0
2016-06-30,BE,0,3180.9,622339.0,,,0.0
2016-06-30,LU,0,2629.7,251486.0,,,0.0
2016-06-30,UR,0,3004.4892,21652.0,,,0.0
2016-06-30,SZ,0,3063.45,98333.0,,,0.0
2016-06-30,OW,0,2726.3,23026.0,,,0.0
2016-06-30,NW,0,2541.0,26417.0,,,0.0
2016-06-30,GL,0,3362.0,24584.0,,,0.0
2016-06-30,FR,0,3103.05,193603.0,,,0.0
2016-06-30,SO,0,3331.65,166200.0,,,0.0
2016-06-30,BS,0,4857.0,121641.0,,,0.0
2016-06-30,BL,0,3542.0,169564.0,,,0.0
2016-06-30,SH,0,3383.0,48813.0,,,0.0
2016-06-30,AR,0,3390.0,33434.0,,,0.0
2016-06-30,AI,0,2838.0,9527.0,,,0.0
2016-06-30,SG,0,3475.5,309354.0,,,0.0
2016-06-30,GR,0,3747.0,121002.0,,,0.0
2016-06-30,AG,0,3021.2,415503.0,,,0.0
2016-06-30,TG,0,3286.0,169396.0,,,0.0
2016-06-30,TI,0,4356.299999999999,211291.0,,,0.0
2016-06-30,VD,1,4422.21,483842.0,0.0,1.0,0.0
2016-06-30,VS,0,2812.5,206913.0,,,0.0
2016-06-30,NE,0,3126.0,107176.0,,,0.0
2016-06-30,GE,0,4892.0,305371.0,,,0.0
2016-06-30,JU,0,4408.6,42677.0,,,0.0
2016-07-31,ZG,4,2361.0,78376.0,0.25,0.5,0.0
2016-07-31,ZH,4,4356.0,943505.0,0.25,0.75,0.0
2016-07-31,BE,0,3180.9,622339.0,,,0.0
2016-07-31,LU,0,2629.7,251486.0,,,0.0
2016-07-31,UR,0,3004.4892,21652.0,,,0.0
2016-07-31,SZ,0,3063.45,98333.0,,,0.0
2016-07-31,OW,0,2726.3,23026.0,,,0.0
2016-07-31,NW,0,2541.0,26417.0,,,0.0
2016-07-31,GL,0,3362.0,24584.0,,,0.0
2016-07-31,FR,0,3103.05,193603.0,,,0.0
2016-07-31,SO,0,3331.65,166200.0,,,0.0
2016-07-31,BS,0,4857.0,121641.0,,,0.0
2016-07-31,BL,0,3542.0,169564.0,,,0.0
2016-07-31,SH,0,3383.0,48813.0,,,0.0
2016-07-31,AR,0,3390.0,33434.0,,,0.0
2016-07-31,AI,0,2838.0,9527.0,,,0.0
2016-07-31,SG,0,3475.5,309354.0,,,0.0
2016-07-31,GR,0,3747.0,121002.0,,,0.0
2016-07-31,AG,0,3021.2,415503.0,,,0.0
2016-07-31,TG,0,3286.0,169396.0,,,0.0
2016-07-31,TI,0,4356.299999999999,211291.0,,,0.0
2016-07-31,VD,1,4422.21,483842.0,0.0,1.0,0.0
2016-07-31,VS,0,2812.5,206913.0,,,0.0
2016-07-31,NE,0,3126.0,107176.0,,,0.0
2016-07-31,GE,0,4892.0,305371.0,,,0.0
2016-07-31,JU,0,4408.6,42677.0,,,0.0
2016-08-31,ZG,7,2361.0,78376.0,0.2857142857142857,0.5714285714285714,0.0
2016-08-31,ZH,4,4356.0,943505.0,0.25,0.75,0.0
2016-08-31,BE,0,3180.9,622339.0,,,0.0
2016-08-31,LU,0,2629.7,251486.0,,,0.0
2016-08-31,UR,0,3004.4892,21652.0,,,0.0
2016-08-31,SZ,0,3063.45,98333.0,,,0.0
2016-08-31,OW,0,2726.3,23026.0,,,0.0
2016-08-31,NW,0,2541.0,26417.0,,,0.0
2016-08-31,GL,0,3362.0,24584.0,,,0.0
2016-08-31,FR,0,3103.05,193603.0,,,0.0
2016-08-31,SO,0,3331.65,166200.0,,,0.0
2016-08-31,BS,0,4857.0,121641.0,,,0.0
2016-08-31,BL,0,3542.0,169564.0,,,0.0
2016-08-31,SH,0,3383.0,48813.0,,,0.0
2016-08-31,AR,0,3390.0,33434.0,,,0.0
2016-08-31,AI,0,2838.0,9527.0,,,0.0
2016-08-31,SG,0,3475.5,309354.0,,,0.0
2016-08-31,GR,0,3747.0,121002.0,,,0.0
2016-08-31,AG,0,3021.2,415503.0,,,0.0
2016-08-31,TG,0,3286.0,169396.0,,,0.0
2016-08-31,TI,0,4356.299999999999,211291.0,,,0.0
2016-08-31,VD,1,4422.21,483842.0,0.0,1.0,0.0
2016-08-31,VS,0,2812.5,206913.0,,,0.0
2016-08-31,NE,0,3126.0,107176.0,,,0.0
2016-08-31,GE,0,4892.0,305371.0,,,0.0
2016-08-31,JU,0,4408.6,42677.0,,,0.0
2016-09-30,ZG,8,2361.0,78376.0,0.25,0.625,0.0
2016-09-30,ZH,4,4356.0,943505.0,0.25,0.75,0.0
2016-09-30,BE,0,3180.9,622339.0,,,0.0
2016-09-30,LU,0,2629.7,251486.0,,,0.0
2016-09-30,UR,0,3004.4892,21652.0,,,0.0
2016-09-30,SZ,0,3063.45,98333.0,,,0.0
2016-09-30,OW,0,2726.3,23026.0,,,0.0
2016-09-30,NW,0,2541.0,26417.0,,,0.0
2016-09-30,GL,0,3362.0,24584.0,,,0.0
2016-09-30,FR,0,3103.05,193603.0,,,0.0
2016-09-30,SO,0,3331.65,166200.0,,,0.0
2016-09-30,BS,0,4857.0,121641.0,,,0.0
2016-09-30,BL,0,3542.0,169564.0,,,0.0
2016-09-30,SH,0,3383.0,48813.0,,,0.0
2016-09-30,AR,0,3390.0,33434.0,,,0.0
2016-09-30,AI,0,2838.0,9527.0,,,0.0
2016-09-30,SG,0,3475.5,309354.0,,,0.0
2016-09-30,GR,0,3747.0,121002.0,,,0.0
2016-09-30,AG,0,3021.2,415503.0,,,0.0
2016-09-30,TG,0,3286.0,169396.0,,,0.0
2016-09-30,TI,0,4356.299999999999,211291.0,,,0.0
2016-09-30,VD,1,4422.21,483842.0,0.0,1.0,0.0
2016-09-30,VS,0,2812.5,206913.0,,,0.0
2016-09-30,NE,0,3126.0,107176.0,,,0.0
2016-09-30,GE,0,4892.0,305371.0,,,0.0
2016-09-30,JU,0,4408.6,42677.0,,,0.0
2016-10-31,ZG,8,2361.0,78376.0,0.25,0.625,0.0
2016-10-31,ZH,5,4356.0,943505.0,0.2,0.8,0.0
2016-10-31,BE,0,3180.9,622339.0,,,0.0
2016-10-31,LU,0,2629.7,251486.0,,,0.0
2016-10-31,UR,0,3004.4892,21652.0,,,0.0
2016-10-31,SZ,0,3063.45,98333.0,,,0.0
2016-10-31,OW,1,2726.3,23026.0,1.0,0.0,0.0
2016-10-31,NW,0,2541.0,26417.0,,,0.0
2016-10-31,GL,0,3362.0,24584.0,,,0.0
2016-10-31,FR,0,3103.05,193603.0,,,0.0
2016-10-31,SO,0,3331.65,166200.0,,,0.0
2016-10-31,BS,0,4857.0,121641.0,,,0.0
2016-10-31,BL,0,3542.0,169564.0,,,0.0
2016-10-31,SH,1,3383.0,48813.0,0.0,0.0,0.0
2016-10-31,AR,0,3390.0,33434.0,,,0.0
2016-10-31,AI,0,2838.0,9527.0,,,0.0
2016-10-31,SG,0,3475.5,309354.0,,,0.0
2016-10-31,GR,0,3747.0,121002.0,,,0.0
2016-10-31,AG,0,3021.2,415503.0,,,0.0
2016-10-31,TG,0,3286.0,169396.0,,,0.0
2016-10-31,TI,0,4356.299999999999,211291.0,,,0.0
2016-10-31,VD,1,4422.21,483842.0,0.0,1.0,0.0
2016-10-31,VS,0,2812.5,206913.0,,,0.0
2016-10-31,NE,0,3126.0,107176.0,,,0.0
2016-10-31,GE,0,4892.0,305371.0,,,0.0
2016-10-31,JU,0,4408.6,42677.0,,,0.0
2016-11-30,ZG,10,2361.0,78376.0,0.3,0.5,0.0
2016-11-30,ZH,5,4356.0,943505.0,0.2,0.8,0.0
2016-11-30,BE,0,3180.9,622339.0,,,0.0
2016-11-30,LU,0,2629.7,251486.0,,,0.0
2016-11-30,UR,0,3004.4892,21652.0,,,0.0
2016-11-30,SZ,0,3063.45,98333.0,,,0.0
2016-11-30,OW,1,2726.3,23026.0,1.0,0.0,0.0
2016-11-30,NW,0,2541.0,26417.0,,,0.0
2016-11-30,GL,0,3362.0,24584.0,,,0.0
2016-11-30,FR,0,3103.05,193603.0,,,0.0
2016-11-30,SO,0,3331.65,166200.0,,,0.0
2016-11-30,BS,0,4857.0,121641.0,,,0.0
2016-11-30,BL,0,3542.0,169564.0,,,0.0
2016-11-30,SH,1,3383.0,48813.0,0.0,0.0,0.0
2016-11-30,AR,0,3390.0,33434.0,,,0.0
2016-11-30,AI,0,2838.0,9527.0,,,0.0
2016-11-30,SG,0,3475.5,309354.0,,,0.0
2016-11-30,GR,0,3747.0,121002.0,,,0.0
2016-11-30,AG,0,3021.2,415503.0,,,0.0
2016-11-30,TG,0,3286.0,169396.0,,,0.0
2016-11-30,TI,0,4356.299999999999,211291.0,,,0.0
2016-11-30,VD,1,4422.21,483842.0,0.0,1.0,0.0
2016-11-30,VS,0,2812.5,206913.0,,,0.0
2016-11-30,NE,0,3126.0,107176.0,,,0.0
2016-11-30,GE,0,4892.0,305371.0,,,0.0
2016-11-30,JU,0,4408.6,42677.0,,,0.0
2016-12-31,ZG,10,2361.0,78376.0,0.3,0.5,0.0
2016-12-31,ZH,6,4356.0,943505.0,0.1666666666666666,0.8333333333333334,0.0
2016-12-31,BE,0,3180.9,622339.0,,,0.0
2016-12-31,LU,0,2629.7,251486.0,,,0.0
2016-12-31,UR,0,3004.4892,21652.0,,,0.0
2016-12-31,SZ,0,3063.45,98333.0,,,0.0
2016-12-31,OW,1,2726.3,23026.0,1.0,0.0,0.0
2016-12-31,NW,0,2541.0,26417.0,,,0.0
2016-12-31,GL,0,3362.0,24584.0,,,0.0
2016-12-31,FR,0,3103.05,193603.0,,,0.0
2016-12-31,SO,0,3331.65,166200.0,,,0.0
2016-12-31,BS,0,4857.0,121641.0,,,0.0
2016-12-31,BL,0,3542.0,169564.0,,,0.0
2016-12-31,SH,1,3383.0,48813.0,0.0,0.0,0.0
2016-12-31,AR,0,3390.0,33434.0,,,0.0
2016-12-31,AI,0,2838.0,9527.0,,,0.0
2016-12-31,SG,0,3475.5,309354.0,,,0.0
2016-12-31,GR,0,3747.0,121002.0,,,0.0
2016-12-31,AG,0,3021.2,415503.0,,,0.0
2016-12-31,TG,0,3286.0,169396.0,,,0.0
2016-12-31,TI,0,4356.299999999999,211291.0,,,0.0
2016-12-31,VD,1,4422.21,483842.0,0.0,1.0,0.0
2016-12-31,VS,0,2812.5,206913.0,,,0.0
2016-12-31,NE,0,3126.0,107176.0,,,0.0
2016-12-31,GE,0,4892.0,305371.0,,,0.0
2016-12-31,JU,0,4408.6,42677.0,,,0.0
2017-01-31,ZG,10,2361.0,79087.0,0.3,0.5,0.0
2017-01-31,ZH,6,4356.0,952121.0,0.1666666666666666,0.8333333333333334,0.0
2017-01-31,BE,0,3180.9,622668.0,,,0.0
2017-01-31,LU,0,2629.7,252896.0,,,0.0
2017-01-31,UR,0,2990.1892,21656.0,,,0.0
2017-01-31,SZ,0,3063.45,99111.0,,,0.0
2017-01-31,OW,1,2726.3,23079.0,1.0,0.0,0.0
2017-01-31,NW,0,2541.0,26620.0,,,0.0
2017-01-31,GL,0,3362.0,24631.0,,,0.0
2017-01-31,FR,0,3103.05,195404.0,,,0.0
2017-01-31,SO,0,3273.2,167169.0,,,0.0
2017-01-31,BS,0,4857.0,122052.0,,,0.0
2017-01-31,BL,0,3542.0,169687.0,,,0.0
2017-01-31,SH,1,3364.0,48973.0,0.0,0.0,0.0
2017-01-31,AR,0,3390.0,33438.0,,,0.0
2017-01-31,AI,0,2838.0,9613.0,,,0.0
2017-01-31,SG,0,3476.0,309810.0,,,0.0
2017-01-31,GR,0,3602.0,120638.0,,,0.0
2017-01-31,AG,0,3021.2,418619.0,,,0.0
2017-01-31,TG,0,3286.0,170831.0,,,0.0
2017-01-31,TI,0,4365.424999999999,210041.0,,,0.0
2017-01-31,VD,1,4267.26,488905.0,0.0,1.0,0.0
2017-01-31,VS,0,2812.5,207639.0,,,0.0
2017-01-31,NE,0,3126.0,106567.0,,,0.0
2017-01-31,GE,0,4892.0,309359.0,,,0.0
2017-01-31,JU,0,4408.6,42657.0,,,0.0
2017-02-28,ZG,10,2361.0,79087.0,0.3,0.5,0.0
2017-02-28,ZH,6,4356.0,952121.0,0.1666666666666666,0.8333333333333334,0.0
2017-02-28,BE,0,3180.9,622668.0,,,0.0
2017-02-28,LU,0,2629.7,252896.0,,,0.0
2017-02-28,UR,0,2990.1892,21656.0,,,0.0
2017-02-28,SZ,0,3063.45,99111.0,,,0.0
2017-02-28,OW,1,2726.3,23079.0,1.0,0.0,0.0
2017-02-28,NW,0,2541.0,26620.0,,,0.0
2017-02-28,GL,0,3362.0,24631.0,,,0.0
2017-02-28,FR,0,3103.05,195404.0,,,0.0
2017-02-28,SO,0,3273.2,167169.0,,,0.0
2017-02-28,BS,0,4857.0,122052.0,,,0.0
2017-02-28,BL,0,3542.0,169687.0,,,0.0
2017-02-28,SH,1,3364.0,48973.0,0.0,0.0,0.0
2017-02-28,AR,0,3390.0,33438.0,,,0.0
2017-02-28,AI,0,2838.0,9613.0,,,0.0
2017-02-28,SG,0,3476.0,309810.0,,,0.0
2017-02-28,GR,0,3602.0,120638.0,,,0.0
2017-02-28,AG,0,3021.2,418619.0,,,0.0
2017-02-28,TG,0,3286.0,170831.0,,,0.0
2017-02-28,TI,0,4365.424999999999,210041.0,,,0.0
2017-02-28,VD,1,4267.26,488905.0,0.0,1.0,0.0
2017-02-28,VS,0,2812.5,207639.0,,,0.0
2017-02-28,NE,0,3126.0,106567.0,,,0.0
2017-02-28,GE,0,4892.0,309359.0,,,0.0
2017-02-28,JU,0,4408.6,42657.0,,,0.0
2017-03-31,ZG,10,2361.0,79087.0,0.3,0.5,0.0
2017-03-31,ZH,7,4356.0,952121.0,0.2857142857142857,0.7142857142857143,0.0
2017-03-31,BE,0,3180.9,622668.0,,,0.0
2017-03-31,LU,0,2629.7,252896.0,,,0.0
2017-03-31,UR,0,2990.1892,21656.0,,,0.0
2017-03-31,SZ,0,3063.45,99111.0,,,0.0
2017-03-31,OW,1,2726.3,23079.0,1.0,0.0,0.0
2017-03-31,NW,0,2541.0,26620.0,,,0.0
2017-03-31,GL,0,3362.0,24631.0,,,0.0
2017-03-31,FR,0,3103.05,195404.0,,,0.0
2017-03-31,SO,0,3273.2,167169.0,,,0.0
2017-03-31,BS,0,4857.0,122052.0,,,0.0
2017-03-31,BL,0,3542.0,169687.0,,,0.0
2017-03-31,SH,1,3364.0,48973.0,0.0,0.0,0.0
2017-03-31,AR,0,3390.0,33438.0,,,0.0
2017-03-31,AI,0,2838.0,9613.0,,,0.0
2017-03-31,SG,0,3476.0,309810.0,,,0.0
2017-03-31,GR,0,3602.0,120638.0,,,0.0
2017-03-31,AG,0,3021.2,418619.0,,,0.0
2017-03-31,TG,0,3286.0,170831.0,,,0.0
2017-03-31,TI,0,4365.424999999999,210041.0,,,0.0
2017-03-31,VD,1,4267.26,488905.0,0.0,1.0,0.0
2017-03-31,VS,0,2812.5,207639.0,,,0.0
2017-03-31,NE,0,3126.0,106567.0,,,0.0
2017-03-31,GE,0,4892.0,309359.0,,,0.0
2017-03-31,JU,0,4408.6,42657.0,,,0.0
2017-04-30,ZG,12,2361.0,79087.0,0.3333333333333333,0.4166666666666667,0.0
2017-04-30,ZH,7,4356.0,952121.0,0.2857142857142857,0.7142857142857143,0.0
2017-04-30,BE,0,3180.9,622668.0,,,0.0
2017-04-30,LU,0,2629.7,252896.0,,,0.0
2017-04-30,UR,0,2990.1892,21656.0,,,0.0
2017-04-30,SZ,0,3063.45,99111.0,,,0.0
2017-04-30,OW,1,2726.3,23079.0,1.0,0.0,0.0
2017-04-30,NW,0,2541.0,26620.0,,,0.0
2017-04-30,GL,0,3362.0,24631.0,,,0.0
2017-04-30,FR,0,3103.05,195404.0,,,0.0
2017-04-30,SO,0,3273.2,167169.0,,,0.0
2017-04-30,BS,0,4857.0,122052.0,,,0.0
2017-04-30,BL,0,3542.0,169687.0,,,0.0
2017-04-30,SH,1,3364.0,48973.0,0.0,0.0,0.0
2017-04-30,AR,0,3390.0,33438.0,,,0.0
2017-04-30,AI,0,2838.0,9613.0,,,0.0
2017-04-30,SG,0,3476.0,309810.0,,,0.0
2017-04-30,GR,0,3602.0,120638.0,,,0.0
2017-04-30,AG,0,3021.2,418619.0,,,0.0
2017-04-30,TG,0,3286.0,170831.0,,,0.0
2017-04-30,TI,1,4365.424999999999,210041.0,0.0,0.0,0.0
2017-04-30,VD,1,4267.26,488905.0,0.0,1.0,0.0
2017-04-30,VS,0,2812.5,207639.0,,,0.0
2017-04-30,NE,0,3126.0,106567.0,,,0.0
2017-04-30,GE,0,4892.0,309359.0,,,0.0
2017-04-30,JU,0,4408.6,42657.0,,,0.0
2017-05-31,ZG,13,2361.0,79087.0,0.3846153846153846,0.3846153846153846,0.0
2017-05-31,ZH,8,4356.0,952121.0,0.25,0.625,0.0
2017-05-31,BE,0,3180.9,622668.0,,,0.0
2017-05-31,LU,0,2629.7,252896.0,,,0.0
2017-05-31,UR,0,2990.1892,21656.0,,,0.0
2017-05-31,SZ,0,3063.45,99111.0,,,0.0
2017-05-31,OW,1,2726.3,23079.0,1.0,0.0,0.0
2017-05-31,NW,0,2541.0,26620.0,,,0.0
2017-05-31,GL,0,3362.0,24631.0,,,0.0
2017-05-31,FR,0,3103.05,195404.0,,,0.0
2017-05-31,SO,0,3273.2,167169.0,,,0.0
2017-05-31,BS,0,4857.0,122052.0,,,0.0
2017-05-31,BL,0,3542.0,169687.0,,,0.0
2017-05-31,SH,1,3364.0,48973.0,0.0,0.0,0.0
2017-05-31,AR,0,3390.0,33438.0,,,0.0
2017-05-31,AI,0,2838.0,9613.0,,,0.0
2017-05-31,SG,0,3476.0,309810.0,,,0.0
2017-05-31,GR,1,3602.0,120638.0,1.0,0.0,0.0
2017-05-31,AG,0,3021.2,418619.0,,,0.0
2017-05-31,TG,0,3286.0,170831.0,,,0.0
2017-05-31,TI,1,4365.424999999999,210041.0,0.0,0.0,0.0
2017-05-31,VD,1,4267.26,488905.0,0.0,1.0,0.0
2017-05-31,VS,0,2812.5,207639.0,,,0.0
2017-05-31,NE,0,3126.0,106567.0,,,0.0
2017-05-31,GE,0,4892.0,309359.0,,,0.0
2017-05-31,JU,0,4408.6,42657.0,,,0.0
2017-06-30,ZG,16,2361.0,79087.0,0.4375,0.375,0.0
2017-06-30,ZH,8,4356.0,952121.0,0.25,0.625,0.0
2017-06-30,BE,0,3180.9,622668.0,,,0.0
2017-06-30,LU,0,2629.7,252896.0,,,0.0
2017-06-30,UR,0,2990.1892,21656.0,,,0.0
2017-06-30,SZ,0,3063.45,99111.0,,,0.0
2017-06-30,OW,1,2726.3,23079.0,1.0,0.0,0.0
2017-06-30,NW,0,2541.0,26620.0,,,0.0
2017-06-30,GL,0,3362.0,24631.0,,,0.0
2017-06-30,FR,0,3103.05,195404.0,,,0.0
2017-06-30,SO,0,3273.2,167169.0,,,0.0
2017-06-30,BS,0,4857.0,122052.0,,,0.0
2017-06-30,BL,0,3542.0,169687.0,,,0.0
2017-06-30,SH,1,3364.0,48973.0,0.0,0.0,0.0
2017-06-30,AR,0,3390.0,33438.0,,,0.0
2017-06-30,AI,0,2838.0,9613.0,,,0.0
2017-06-30,SG,0,3476.0,309810.0,,,0.0
2017-06-30,GR,1,3602.0,120638.0,1.0,0.0,0.0
2017-06-30,AG,0,3021.2,418619.0,,,0.0
2017-06-30,TG,0,3286.0,170831.0,,,0.0
2017-06-30,TI,1,4365.424999999999,210041.0,0.0,0.0,0.0
2017-06-30,VD,1,4267.26,488905.0,0.0,1.0,0.0
2017-06-30,VS,0,2812.5,207639.0,,,0.0
2017-06-30,NE,0,3126.0,106567.0,,,0.0
2017-06-30,GE,0,4892.0,309359.0,,,0.0
2017-06-30,JU,0,4408.6,42657.0,,,0.0
2017-07-31,ZG,17,2361.0,79087.0,0.4705882352941176,0.3529411764705882,0.0
2017-07-31,ZH,8,4356.0,952121.0,0.25,0.625,0.0
2017-07-31,BE,0,3180.9,622668.0,,,0.0
2017-07-31,LU,0,2629.7,252896.0,,,0.0
2017-07-31,UR,0,2990.1892,21656.0,,,0.0
2017-07-31,SZ,0,3063.45,99111.0,,,0.0
2017-07-31,OW,1,2726.3,23079.0,1.0,0.0,0.0
2017-07-31,NW,0,2541.0,26620.0,,,0.0
2017-07-31,GL,0,3362.0,24631.0,,,0.0
2017-07-31,FR,0,3103.05,195404.0,,,0.0
2017-07-31,SO,0,3273.2,167169.0,,,0.0
2017-07-31,BS,0,4857.0,122052.0,,,0.0
2017-07-31,BL,0,3542.0,169687.0,,,0.0
2017-07-31,SH,1,3364.0,48973.0,0.0,0.0,0.0
2017-07-31,AR,0,3390.0,33438.0,,,0.0
2017-07-31,AI,0,2838.0,9613.0,,,0.0
2017-07-31,SG,0,3476.0,309810.0,,,0.0
2017-07-31,GR,1,3602.0,120638.0,1.0,0.0,0.0
2017-07-31,AG,0,3021.2,418619.0,,,0.0
2017-07-31,TG,0,3286.0,170831.0,,,0.0
2017-07-31,TI,2,4365.424999999999,210041.0,0.0,0.5,0.0
2017-07-31,VD,1,4267.26,488905.0,0.0,1.0,0.0
2017-07-31,VS,0,2812.5,207639.0,,,0.0
2017-07-31,NE,0,3126.0,106567.0,,,0.0
2017-07-31,GE,0,4892.0,309359.0,,,0.0
2017-07-31,JU,0,4408.6,42657.0,,,0.0
2017-08-31,ZG,17,2361.0,79087.0,0.4705882352941176,0.3529411764705882,0.0
2017-08-31,ZH,8,4356.0,952121.0,0.25,0.625,0.0
2017-08-31,BE,0,3180.9,622668.0,,,0.0
2017-08-31,LU,1,2629.7,252896.0,1.0,0.0,0.0
2017-08-31,UR,0,2990.1892,21656.0,,,0.0
2017-08-31,SZ,0,3063.45,99111.0,,,0.0
2017-08-31,OW,1,2726.3,23079.0,1.0,0.0,0.0
2017-08-31,NW,0,2541.0,26620.0,,,0.0
2017-08-31,GL,0,3362.0,24631.0,,,0.0
2017-08-31,FR,0,3103.05,195404.0,,,0.0
2017-08-31,SO,0,3273.2,167169.0,,,0.0
2017-08-31,BS,0,4857.0,122052.0,,,0.0
2017-08-31,BL,0,3542.0,169687.0,,,0.0
2017-08-31,SH,1,3364.0,48973.0,0.0,0.0,0.0
2017-08-31,AR,0,3390.0,33438.0,,,0.0
2017-08-31,AI,0,2838.0,9613.0,,,0.0
2017-08-31,SG,0,3476.0,309810.0,,,0.0
2017-08-31,GR,1,3602.0,120638.0,1.0,0.0,0.0
2017-08-31,AG,0,3021.2,418619.0,,,0.0
2017-08-31,TG,0,3286.0,170831.0,,,0.0
2017-08-31,TI,2,4365.424999999999,210041.0,0.0,0.5,0.0
2017-08-31,VD,1,4267.26,488905.0,0.0,1.0,0.0
2017-08-31,VS,0,2812.5,207639.0,,,0.0
2017-08-31,NE,0,3126.0,106567.0,,,0.0
2017-08-31,GE,0,4892.0,309359.0,,,0.0
2017-08-31,JU,0,4408.6,42657.0,,,0.0
2017-09-30,ZG,18,2361.0,79087.0,0.4444444444444444,0.3333333333333333,0.0
2017-09-30,ZH,8,4356.0,952121.0,0.25,0.625,0.0
2017-09-30,BE,0,3180.9,622668.0,,,0.0
2017-09-30,LU,1,2629.7,252896.0,1.0,0.0,0.0
2017-09-30,UR,0,2990.1892,21656.0,,,0.0
2017-09-30,SZ,0,3063.45,99111.0,,,0.0
2017-09-30,OW,1,2726.3,23079.0,1.0,0.0,0.0
2017-09-30,NW,0,2541.0,26620.0,,,0.0
2017-09-30,GL,0,3362.0,24631.0,,,0.0
2017-09-30,FR,0,3103.05,195404.0,,,0.0
2017-09-30,SO,0,3273.2,167169.0,,,0.0
2017-09-30,BS,0,4857.0,122052.0,,,0.0
2017-09-30,BL,0,3542.0,169687.0,,,0.0
2017-09-30,SH,1,3364.0,48973.0,0.0,0.0,0.0
2017-09-30,AR,0,3390.0,33438.0,,,0.0
2017-09-30,AI,0,2838.0,9613.0,,,0.0
2017-09-30,SG,0,3476.0,309810.0,,,0.0
2017-09-30,GR,1,3602.0,120638.0,1.0,0.0,0.0
2017-09-30,AG,0,3021.2,418619.0,,,0.0
2017-09-30,TG,0,3286.0,170831.0,,,0.0
2017-09-30,TI,2,4365.424999999999,210041.0,0.0,0.5,0.0
2017-09-30,VD,1,4267.26,488905.0,0.0,1.0,0.0
2017-09-30,VS,0,2812.5,207639.0,,,0.0
2017-09-30,NE,0,3126.0,106567.0,,,0.0
2017-09-30,GE,1,4892.0,309359.0,1.0,0.0,0.0
2017-09-30,JU,0,4408.6,42657.0,,,0.0
2017-10-31,ZG,22,2361.0,79087.0,0.4545454545454545,0.3636363636363636,0.0
2017-10-31,ZH,10,4356.0,952121.0,0.2,0.7,0.0
2017-10-31,BE,0,3180.9,622668.0,,,0.0
2017-10-31,LU,1,2629.7,252896.0,1.0,0.0,0.0
2017-10-31,UR,0,2990.1892,21656.0,,,0.0
2017-10-31,SZ,0,3063.45,99111.0,,,0.0
2017-10-31,OW,1,2726.3,23079.0,1.0,0.0,0.0
2017-10-31,NW,0,2541.0,26620.0,,,0.0
2017-10-31,GL,0,3362.0,24631.0,,,0.0
2017-10-31,FR,0,3103.05,195404.0,,,0.0
2017-10-31,SO,0,3273.2,167169.0,,,0.0
2017-10-31,BS,0,4857.0,122052.0,,,0.0
2017-10-31,BL,0,3542.0,169687.0,,,0.0
2017-10-31,SH,1,3364.0,48973.0,0.0,0.0,0.0
2017-10-31,AR,0,3390.0,33438.0,,,0.0
2017-10-31,AI,0,2838.0,9613.0,,,0.0
2017-10-31,SG,0,3476.0,309810.0,,,0.0
2017-10-31,GR,1,3602.0,120638.0,1.0,0.0,0.0
2017-10-31,AG,0,3021.2,418619.0,,,0.0
2017-10-31,TG,0,3286.0,170831.0,,,0.0
2017-10-31,TI,2,4365.424999999999,210041.0,0.0,0.5,0.0
2017-10-31,VD,1,4267.26,488905.0,0.0,1.0,0.0
2017-10-31,VS,0,2812.5,207639.0,,,0.0
2017-10-31,NE,0,3126.0,106567.0,,,0.0
2017-10-31,GE,1,4892.0,309359.0,1.0,0.0,0.0
2017-10-31,JU,0,4408.6,42657.0,,,0.0
2017-11-30,ZG,25,2361.0,79087.0,0.44,0.36,0.0
2017-11-30,ZH,11,4356.0,952121.0,0.2727272727272727,0.6363636363636364,0.0
2017-11-30,BE,0,3180.9,622668.0,,,0.0
2017-11-30,LU,1,2629.7,252896.0,1.0,0.0,0.0
2017-11-30,UR,0,2990.1892,21656.0,,,0.0
2017-11-30,SZ,0,3063.45,99111.0,,,0.0
2017-11-30,OW,1,2726.3,23079.0,1.0,0.0,0.0
2017-11-30,NW,0,2541.0,26620.0,,,0.0
2017-11-30,GL,0,3362.0,24631.0,,,0.0
2017-11-30,FR,0,3103.05,195404.0,,,0.0
2017-11-30,SO,0,3273.2,167169.0,,,0.0
2017-11-30,BS,0,4857.0,122052.0,,,0.0
2017-11-30,BL,0,3542.0,169687.0,,,0.0
2017-11-30,SH,1,3364.0,48973.0,0.0,0.0,0.0
2017-11-30,AR,0,3390.0,33438.0,,,0.0
2017-11-30,AI,0,2838.0,9613.0,,,0.0
2017-11-30,SG,0,3476.0,309810.0,,,0.0
2017-11-30,GR,1,3602.0,120638.0,1.0,0.0,0.0
2017-11-30,AG,0,3021.2,418619.0,,,0.0
2017-11-30,TG,0,3286.0,170831.0,,,0.0
2017-11-30,TI,2,4365.424999999999,210041.0,0.0,0.5,0.0
2017-11-30,VD,2,4267.26,488905.0,0.5,0.5,0.0
2017-11-30,VS,0,2812.5,207639.0,,,0.0
2017-11-30,NE,0,3126.0,106567.0,,,0.0
2017-11-30,GE,1,4892.0,309359.0,1.0,0.0,0.0
2017-11-30,JU,0,4408.6,42657.0,,,0.0
2017-12-31,ZG,30,2361.0,79087.0,0.4333333333333333,0.4,0.0
2017-12-31,ZH,12,4356.0,952121.0,0.25,0.5833333333333334,0.0
2017-12-31,BE,1,3180.9,622668.0,0.0,0.0,0.0
2017-12-31,LU,1,2629.7,252896.0,1.0,0.0,0.0
2017-12-31,UR,1,2990.1892,21656.0,0.0,0.0,0.0
2017-12-31,SZ,0,3063.45,99111.0,,,0.0
2017-12-31,OW,1,2726.3,23079.0,1.0,0.0,0.0
2017-12-31,NW,0,2541.0,26620.0,,,0.0
2017-12-31,GL,0,3362.0,24631.0,,,0.0
2017-12-31,FR,0,3103.05,195404.0,,,0.0
2017-12-31,SO,0,3273.2,167169.0,,,0.0
2017-12-31,BS,0,4857.0,122052.0,,,0.0
2017-12-31,BL,0,3542.0,169687.0,,,0.0
2017-12-31,SH,1,3364.0,48973.0,0.0,0.0,0.0
2017-12-31,AR,0,3390.0,33438.0,,,0.0
2017-12-31,AI,0,2838.0,9613.0,,,0.0
2017-12-31,SG,0,3476.0,309810.0,,,0.0
2017-12-31,GR,1,3602.0,120638.0,1.0,0.0,0.0
2017-12-31,AG,0,3021.2,418619.0,,,0.0
2017-12-31,TG,0,3286.0,170831.0,,,0.0
2017-12-31,TI,2,4365.424999999999,210041.0,0.0,0.5,0.0
2017-12-31,VD,2,4267.26,488905.0,0.5,0.5,0.0
2017-12-31,VS,0,2812.5,207639.0,,,0.0
2017-12-31,NE,0,3126.0,106567.0,,,0.0
2017-12-31,GE,1,4892.0,309359.0,1.0,0.0,0.0
2017-12-31,JU,0,4408.6,42657.0,,,0.0
2018-01-31,ZG,32,2361.5,79597.0,0.4375,0.40625,0.0
2018-01-31,ZH,12,4356.0,962059.0,0.25,0.5833333333333334,0.0
2018-01-31,BE,1,3180.9,622412.0,0.0,0.0,0.0
2018-01-31,LU,1,2629.7,254126.0,1.0,0.0,0.0
2018-01-31,UR,1,2982.3012,21651.0,0.0,0.0,0.0
2018-01-31,SZ,0,3043.85,99947.0,,,0.0
2018-01-31,OW,1,2726.3,23100.0,1.0,0.0,0.0
2018-01-31,NW,0,2541.0,26552.0,,,0.0
2018-01-31,GL,0,3357.0,24566.0,,,0.0
2018-01-31,FR,0,3103.05,197382.0,,,0.0
2018-01-31,SO,0,3256.5,167704.0,,,0.0
2018-01-31,BS,0,4857.0,122466.0,,,0.0
2018-01-31,BL,0,3542.0,169597.0,,,0.0
2018-01-31,SH,1,3327.0,49233.0,0.0,0.0,0.0
2018-01-31,AR,0,3390.0,33220.0,,,0.0
2018-01-31,AI,0,2838.0,9630.0,,,0.0
2018-01-31,SG,0,3476.0,310799.0,,,0.0
2018-01-31,GR,1,3635.0,120386.0,1.0,0.0,0.0
2018-01-31,AG,0,3021.2,421254.0,,,0.0
2018-01-31,TG,0,3286.0,171646.0,,,0.0
2018-01-31,TI,3,4340.75,209350.0,0.0,0.6666666666666666,0.0
2018-01-31,VD,2,4267.26,492075.0,0.5,0.5,0.0
2018-01-31,VS,0,2812.5,208500.0,,,0.0
2018-01-31,NE,0,3126.0,105812.0,,,0.0
2018-01-31,GE,1,4892.0,312012.0,1.0,0.0,0.0
2018-01-31,JU,0,4403.55,42692.0,,,0.0
2018-02-28,ZG,37,2361.5,79597.0,0.4324324324324324,0.4054054054054054,0.0
2018-02-28,ZH,13,4356.0,962059.0,0.3076923076923077,0.5384615384615384,0.0
2018-02-28,BE,1,3180.9,622412.0,0.0,0.0,0.0
2018-02-28,LU,1,2629.7,254126.0,1.0,0.0,0.0
2018-02-28,UR,1,2982.3012,21651.0,0.0,0.0,0.0
2018-02-28,SZ,0,3043.85,99947.0,,,0.0
2018-02-28,OW,1,2726.3,23100.0,1.0,0.0,0.0
2018-02-28,NW,0,2541.0,26552.0,,,0.0
2018-02-28,GL,0,3357.0,24566.0,,,0.0
2018-02-28,FR,0,3103.05,197382.0,,,0.0
2018-02-28,SO,0,3256.5,167704.0,,,0.0
2018-02-28,BS,0,4857.0,122466.0,,,0.0
2018-02-28,BL,0,3542.0,169597.0,,,0.0
2018-02-28,SH,1,3327.0,49233.0,0.0,0.0,0.0
2018-02-28,AR,0,3390.0,33220.0,,,0.0
2018-02-28,AI,0,2838.0,9630.0,,,0.0
2018-02-28,SG,0,3476.0,310799.0,,,0.0
2018-02-28,GR,1,3635.0,120386.0,1.0,0.0,0.0
2018-02-28,AG,0,3021.2,421254.0,,,0.0
2018-02-28,TG,0,3286.0,171646.0,,,0.0
2018-02-28,TI,4,4340.75,209350.0,0.0,0.5,0.0
2018-02-28,VD,2,4267.26,492075.0,0.5,0.5,0.0
2018-02-28,VS,0,2812.5,208500.0,,,0.0
2018-02-28,NE,0,3126.0,105812.0,,,0.0
2018-02-28,GE,1,4892.0,312012.0,1.0,0.0,0.0
2018-02-28,JU,0,4403.55,42692.0,,,0.0
2018-03-31,ZG,40,2361.5,79597.0,0.475,0.375,0.0
2018-03-31,ZH,15,4356.0,962059.0,0.2666666666666666,0.6,0.0
2018-03-31,BE,1,3180.9,622412.0,0.0,0.0,0.0
2018-03-31,LU,1,2629.7,254126.0,1.0,0.0,0.0
2018-03-31,UR,1,2982.3012,21651.0,0.0,0.0,0.0
2018-03-31,SZ,1,3043.85,99947.0,1.0,0.0,0.0
2018-03-31,OW,1,2726.3,23100.0,1.0,0.0,0.0
2018-03-31,NW,0,2541.0,26552.0,,,0.0
2018-03-31,GL,0,3357.0,24566.0,,,0.0
2018-03-31,FR,0,3103.05,197382.0,,,0.0
2018-03-31,SO,0,3256.5,167704.0,,,0.0
2018-03-31,BS,0,4857.0,122466.0,,,0.0
2018-03-31,BL,0,3542.0,169597.0,,,0.0
2018-03-31,SH,1,3327.0,49233.0,0.0,0.0,0.0
2018-03-31,AR,0,3390.0,33220.0,,,0.0
2018-03-31,AI,0,2838.0,9630.0,,,0.0
2018-03-31,SG,0,3476.0,310799.0,,,0.0
2018-03-31,GR,1,3635.0,120386.0,1.0,0.0,0.0
2018-03-31,AG,0,3021.2,421254.0,,,0.0
2018-03-31,TG,0,3286.0,171646.0,,,0.0
2018-03-31,TI,4,4340.75,209350.0,0.0,0.5,0.0
2018-03-31,VD,2,4267.26,492075.0,0.5,0.5,0.0
2018-03-31,VS,0,2812.5,208500.0,,,0.0
2018-03-31,NE,0,3126.0,105812.0,,,0.0
2018-03-31,GE,1,4892.0,312012.0,1.0,0.0,0.0
2018-03-31,JU,0,4403.55,42692.0,,,0.0
2018-04-30,ZG,43,2361.5,79597.0,0.4651162790697674,0.3488372093023256,0.0
2018-04-30,ZH,17,4356.0,962059.0,0.3529411764705882,0.5294117647058824,0.0
2018-04-30,BE,1,3180.9,622412.0,0.0,0.0,0.0
2018-04-30,LU,1,2629.7,254126.0,1.0,0.0,0.0
2018-04-30,UR,1,2982.3012,21651.0,0.0,0.0,0.0
2018-04-30,SZ,2,3043.85,99947.0,1.0,0.0,0.0
2018-04-30,OW,1,2726.3,23100.0,1.0,0.0,0.0
2018-04-30,NW,0,2541.0,26552.0,,,0.0
2018-04-30,GL,0,3357.0,24566.0,,,0.0
2018-04-30,FR,0,3103.05,197382.0,,,0.0
2018-04-30,SO,0,3256.5,167704.0,,,0.0
2018-04-30,BS,0,4857.0,122466.0,,,0.0
2018-04-30,BL,0,3542.0,169597.0,,,0.0
2018-04-30,SH,1,3327.0,49233.0,0.0,0.0,0.0
2018-04-30,AR,0,3390.0,33220.0,,,0.0
2018-04-30,AI,0,2838.0,9630.0,,,0.0
2018-04-30,SG,0,3476.0,310799.0,,,0.0
2018-04-30,GR,1,3635.0,120386.0,1.0,0.0,0.0
2018-04-30,AG,0,3021.2,421254.0,,,0.0
2018-04-30,TG,0,3286.0,171646.0,,,0.0
2018-04-30,TI,6,4340.75,209350.0,0.0,0.5,0.0
2018-04-30,VD,2,4267.26,492075.0,0.5,0.5,0.0
2018-04-30,VS,0,2812.5,208500.0,,,0.0
2018-04-30,NE,0,3126.0,105812.0,,,0.0
2018-04-30,GE,3,4892.0,312012.0,1.0,0.0,0.0
2018-04-30,JU,0,4403.55,42692.0,,,0.0
2018-05-31,ZG,48,2361.5,79597.0,0.4791666666666667,0.3333333333333333,0.0
2018-05-31,ZH,18,4356.0,962059.0,0.3888888888888889,0.5,0.0
2018-05-31,BE,1,3180.9,622412.0,0.0,0.0,0.0
2018-05-31,LU,1,2629.7,254126.0,1.0,0.0,0.0
2018-05-31,UR,1,2982.3012,21651.0,0.0,0.0,0.0
2018-05-31,SZ,2,3043.85,99947.0,1.0,0.0,0.0
2018-05-31,OW,1,2726.3,23100.0,1.0,0.0,0.0
2018-05-31,NW,0,2541.0,26552.0,,,0.0
2018-05-31,GL,0,3357.0,24566.0,,,0.0
2018-05-31,FR,0,3103.05,197382.0,,,0.0
2018-05-31,SO,0,3256.5,167704.0,,,0.0
2018-05-31,BS,0,4857.0,122466.0,,,0.0
2018-05-31,BL,0,3542.0,169597.0,,,0.0
2018-05-31,SH,1,3327.0,49233.0,0.0,0.0,0.0
2018-05-31,AR,0,3390.0,33220.0,,,0.0
2018-05-31,AI,0,2838.0,9630.0,,,0.0
2018-05-31,SG,0,3476.0,310799.0,,,0.0
2018-05-31,GR,1,3635.0,120386.0,1.0,0.0,0.0
2018-05-31,AG,0,3021.2,421254.0,,,0.0
2018-05-31,TG,0,3286.0,171646.0,,,0.0
2018-05-31,TI,8,4340.75,209350.0,0.0,0.5,0.0
2018-05-31,VD,3,4267.26,492075.0,0.6666666666666666,0.3333333333333333,0.0
2018-05-31,VS,0,2812.5,208500.0,,,0.0
2018-05-31,NE,0,3126.0,105812.0,,,0.0
2018-05-31,GE,3,4892.0,312012.0,1.0,0.0,0.0
2018-05-31,JU,0,4403.55,42692.0,,,0.0
2018-06-30,ZG,54,2361.5,79597.0,0.4259259259259259,0.3888888888888889,0.0
2018-06-30,ZH,18,4356.0,962059.0,0.3888888888888889,0.5,0.0
2018-06-30,BE,1,3180.9,622412.0,0.0,0.0,0.0
2018-06-30,LU,1,2629.7,254126.0,1.0,0.0,0.0
2018-06-30,UR,1,2982.3012,21651.0,0.0,0.0,0.0
2018-06-30,SZ,2,3043.85,99947.0,1.0,0.0,0.0
2018-06-30,OW,1,2726.3,23100.0,1.0,0.0,0.0
2018-06-30,NW,0,2541.0,26552.0,,,0.0
2018-06-30,GL,0,3357.0,24566.0,,,0.0
2018-06-30,FR,0,3103.05,197382.0,,,0.0
2018-06-30,SO,0,3256.5,167704.0,,,0.0
2018-06-30,BS,0,4857.0,122466.0,,,0.0
2018-06-30,BL,0,3542.0,169597.0,,,0.0
2018-06-30,SH,1,3327.0,49233.0,0.0,0.0,0.0
2018-06-30,AR,0,3390.0,33220.0,,,0.0
2018-06-30,AI,0,2838.0,9630.0,,,0.0
2018-06-30,SG,1,3476.0,310799.0,1.0,0.0,0.0
2018-06-30,GR,1,3635.0,120386.0,1.0,0.0,0.0
2018-06-30,AG,0,3021.2,421254.0,,,0.0
2018-06-30,TG,0,3286.0,171646.0,,,0.0
2018-06-30,TI,9,4340.75,209350.0,0.1111111111111111,0.4444444444444444,0.0
2018-06-30,VD,3,4267.26,492075.0,0.6666666666666666,0.3333333333333333,0.0
2018-06-30,VS,0,2812.5,208500.0,,,0.0
2018-06-30,NE,0,3126.0,105812.0,,,0.0
2018-06-30,GE,3,4892.0,312012.0,1.0,0.0,0.0
2018-06-30,JU,0,4403.55,42692.0,,,0.0
2018-07-31,ZG,54,2361.5,79597.0,0.4259259259259259,0.3888888888888889,0.0
2018-07-31,ZH,20,4356.0,962059.0,0.45,0.45,0.0
2018-07-31,BE,2,3180.9,622412.0,0.0,0.0,0.0
2018-07-31,LU,1,2629.7,254126.0,1.0,0.0,0.0
2018-07-31,UR,1,2982.3012,21651.0,0.0,0.0,0.0
2018-07-31,SZ,2,3043.85,99947.0,1.0,0.0,0.0
2018-07-31,OW,1,2726.3,23100.0,1.0,0.0,0.0
2018-07-31,NW,0,2541.0,26552.0,,,0.0
2018-07-31,GL,0,3357.0,24566.0,,,0.0
2018-07-31,FR,0,3103.05,197382.0,,,0.0
2018-07-31,SO,0,3256.5,167704.0,,,0.0
2018-07-31,BS,0,4857.0,122466.0,,,0.0
2018-07-31,BL,0,3542.0,169597.0,,,0.0
2018-07-31,SH,1,3327.0,49233.0,0.0,0.0,0.0
2018-07-31,AR,0,3390.0,33220.0,,,0.0
2018-07-31,AI,0,2838.0,9630.0,,,0.0
2018-07-31,SG,1,3476.0,310799.0,1.0,0.0,0.0
2018-07-31,GR,1,3635.0,120386.0,1.0,0.0,0.0
2018-07-31,AG,0,3021.2,421254.0,,,0.0
2018-07-31,TG,0,3286.0,171646.0,,,0.0
2018-07-31,TI,9,4340.75,209350.0,0.1111111111111111,0.4444444444444444,0.0
2018-07-31,VD,3,4267.26,492075.0,0.6666666666666666,0.3333333333333333,0.0
2018-07-31,VS,0,2812.5,208500.0,,,0.0
2018-07-31,NE,0,3126.0,105812.0,,,0.0
2018-07-31,GE,4,4892.0,312012.0,1.0,0.0,0.0
2018-07-31,JU,0,4403.55,42692.0,,,0.0
2018-08-31,ZG,56,2361.5,79597.0,0.4107142857142857,0.4107142857142857,0.0
2018-08-31,ZH,21,4356.0,962059.0,0.4761904761904761,0.4285714285714285,0.0
2018-08-31,BE,2,3180.9,622412.0,0.0,0.0,0.0
2018-08-31,LU,1,2629.7,254126.0,1.0,0.0,0.0
2018-08-31,UR,1,2982.3012,21651.0,0.0,0.0,0.0
2018-08-31,SZ,2,3043.85,99947.0,1.0,0.0,0.0
2018-08-31,OW,1,2726.3,23100.0,1.0,0.0,0.0
2018-08-31,NW,0,2541.0,26552.0,,,0.0
2018-08-31,GL,0,3357.0,24566.0,,,0.0
2018-08-31,FR,0,3103.05,197382.0,,,0.0
2018-08-31,SO,0,3256.5,167704.0,,,0.0
2018-08-31,BS,0,4857.0,122466.0,,,0.0
2018-08-31,BL,0,3542.0,169597.0,,,0.0
2018-08-31,SH,1,3327.0,49233.0,0.0,0.0,0.0
2018-08-31,AR,0,3390.0,33220.0,,,0.0
2018-08-31,AI,0,2838.0,9630.0,,,0.0
2018-08-31,SG,1,3476.0,310799.0,1.0,0.0,0.0
2018-08-31,GR,1,3635.0,120386.0,1.0,0.0,0.0
2018-08-31,AG,0,3021.2,421254.0,,,0.0
2018-08-31,TG,0,3286.0,171646.0,,,0.0
2018-08-31,TI,11,4340.75,209350.0,0.0909090909090909,0.4545454545454545,0.0
2018-08-31,VD,3,4267.26,492075.0,0.6666666666666666,0.3333333333333333,0.0
2018-08-31,VS,0,2812.5,208500.0,,,0.0
2018-08-31,NE,0,3126.0,105812.0,,,0.0
2018-08-31,GE,4,4892.0,312012.0,1.0,0.0,0.0
2018-08-31,JU,0,4403.55,42692.0,,,0.0
2018-09-30,ZG,57,2361.5,79597.0,0.4035087719298245,0.4210526315789473,0.0
2018-09-30,ZH,21,4356.0,962059.0,0.4761904761904761,0.4285714285714285,0.0
2018-09-30,BE,2,3180.9,622412.0,0.0,0.0,0.0
2018-09-30,LU,1,2629.7,254126.0,1.0,0.0,0.0
2018-09-30,UR,1,2982.3012,21651.0,0.0,0.0,0.0
2018-09-30,SZ,3,3043.85,99947.0,0.6666666666666666,0.3333333333333333,0.0
2018-09-30,OW,1,2726.3,23100.0,1.0,0.0,0.0
2018-09-30,NW,0,2541.0,26552.0,,,0.0
2018-09-30,GL,0,3357.0,24566.0,,,0.0
2018-09-30,FR,0,3103.05,197382.0,,,0.0
2018-09-30,SO,0,3256.5,167704.0,,,0.0
2018-09-30,BS,0,4857.0,122466.0,,,0.0
2018-09-30,BL,0,3542.0,169597.0,,,0.0
2018-09-30,SH,1,3327.0,49233.0,0.0,0.0,0.0
2018-09-30,AR,0,3390.0,33220.0,,,0.0
2018-09-30,AI,0,2838.0,9630.0,,,0.0
2018-09-30,SG,1,3476.0,310799.0,1.0,0.0,0.0
2018-09-30,GR,1,3635.0,120386.0,1.0,0.0,0.0
2018-09-30,AG,0,3021.2,421254.0,,,0.0
2018-09-30,TG,0,3286.0,171646.0,,,0.0
2018-09-30,TI,11,4340.75,209350.0,0.0909090909090909,0.4545454545454545,0.0
2018-09-30,VD,3,4267.26,492075.0,0.6666666666666666,0.3333333333333333,0.0
2018-09-30,VS,0,2812.5,208500.0,,,0.0
2018-09-30,NE,0,3126.0,105812.0,,,0.0
2018-09-30,GE,5,4892.0,312012.0,1.0,0.0,0.0
2018-09-30,JU,0,4403.55,42692.0,,,0.0
2018-10-31,ZG,57,2361.5,79597.0,0.4035087719298245,0.4210526315789473,0.0
2018-10-31,ZH,22,4356.0,962059.0,0.5,0.4090909090909091,0.0
2018-10-31,BE,2,3180.9,622412.0,0.0,0.0,0.0
2018-10-31,LU,1,2629.7,254126.0,1.0,0.0,0.0
2018-10-31,UR,1,2982.3012,21651.0,0.0,0.0,0.0
2018-10-31,SZ,3,3043.85,99947.0,0.6666666666666666,0.3333333333333333,0.0
2018-10-31,OW,1,2726.3,23100.0,1.0,0.0,0.0
2018-10-31,NW,0,2541.0,26552.0,,,0.0
2018-10-31,GL,0,3357.0,24566.0,,,0.0
2018-10-31,FR,0,3103.05,197382.0,,,0.0
2018-10-31,SO,0,3256.5,167704.0,,,0.0
2018-10-31,BS,0,4857.0,122466.0,,,0.0
2018-10-31,BL,0,3542.0,169597.0,,,0.0
2018-10-31,SH,1,3327.0,49233.0,0.0,0.0,0.0
2018-10-31,AR,0,3390.0,33220.0,,,0.0
2018-10-31,AI,0,2838.0,9630.0,,,0.0
2018-10-31,SG,1,3476.0,310799.0,1.0,0.0,0.0
2018-10-31,GR,1,3635.0,120386.0,1.0,0.0,0.0
2018-10-31,AG,1,3021.2,421254.0,0.0,0.0,0.0
2018-10-31,TG,0,3286.0,171646.0,,,0.0
2018-10-31,TI,11,4340.75,209350.0,0.0909090909090909,0.4545454545454545,0.0
2018-10-31,VD,3,4267.26,492075.0,0.6666666666666666,0.3333333333333333,0.0
2018-10-31,VS,0,2812.5,208500.0,,,0.0
2018-10-31,NE,2,3126.0,105812.0,0.5,0.5,0.0
2018-10-31,GE,7,4892.0,312012.0,0.7142857142857143,0.1428571428571428,0.0
2018-10-31,JU,0,4403.55,42692.0,,,0.0
2018-11-30,ZG,58,2361.5,79597.0,0.4137931034482758,0.4137931034482758,0.0
2018-11-30,ZH,22,4356.0,962059.0,0.5,0.4090909090909091,0.0
2018-11-30,BE,2,3180.9,622412.0,0.0,0.0,0.0
2018-11-30,LU,1,2629.7,254126.0,1.0,0.0,0.0
2018-11-30,UR,1,2982.3012,21651.0,0.0,0.0,0.0
2018-11-30,SZ,3,3043.85,99947.0,0.6666666666666666,0.3333333333333333,0.0
2018-11-30,OW,1,2726.3,23100.0,1.0,0.0,0.0
2018-11-30,NW,0,2541.0,26552.0,,,0.0
2018-11-30,GL,0,3357.0,24566.0,,,0.0
2018-11-30,FR,0,3103.05,197382.0,,,0.0
2018-11-30,SO,0,3256.5,167704.0,,,0.0
2018-11-30,BS,0,4857.0,122466.0,,,0.0
2018-11-30,BL,0,3542.0,169597.0,,,0.0
2018-11-30,SH,1,3327.0,49233.0,0.0,0.0,0.0
2018-11-30,AR,0,3390.0,33220.0,,,0.0
2018-11-30,AI,0,2838.0,9630.0,,,0.0
2018-11-30,SG,1,3476.0,310799.0,1.0,0.0,0.0
2018-11-30,GR,1,3635.0,120386.0,1.0,0.0,0.0
2018-11-30,AG,1,3021.2,421254.0,0.0,0.0,0.0
2018-11-30,TG,0,3286.0,171646.0,,,0.0
2018-11-30,TI,11,4340.75,209350.0,0.0909090909090909,0.4545454545454545,0.0
2018-11-30,VD,3,4267.26,492075.0,0.6666666666666666,0.3333333333333333,0.0
2018-11-30,VS,0,2812.5,208500.0,,,0.0
2018-11-30,NE,2,3126.0,105812.0,0.5,0.5,0.0
2018-11-30,GE,7,4892.0,312012.0,0.7142857142857143,0.1428571428571428,0.0
2018-11-30,JU,0,4403.55,42692.0,,,0.0
2018-12-31,ZG,58,2361.5,79597.0,0.4137931034482758,0.4137931034482758,0.0
2018-12-31,ZH,23,4356.0,962059.0,0.4782608695652174,0.4347826086956521,0.0
2018-12-31,BE,2,3180.9,622412.0,0.0,0.0,0.0
2018-12-31,LU,1,2629.7,254126.0,1.0,0.0,0.0
2018-12-31,UR,1,2982.3012,21651.0,0.0,0.0,0.0
2018-12-31,SZ,3,3043.85,99947.0,0.6666666666666666,0.3333333333333333,0.0
2018-12-31,OW,1,2726.3,23100.0,1.0,0.0,0.0
2018-12-31,NW,0,2541.0,26552.0,,,0.0
2018-12-31,GL,0,3357.0,24566.0,,,0.0
2018-12-31,FR,0,3103.05,197382.0,,,0.0
2018-12-31,SO,0,3256.5,167704.0,,,0.0
2018-12-31,BS,0,4857.0,122466.0,,,0.0
2018-12-31,BL,0,3542.0,169597.0,,,0.0
2018-12-31,SH,1,3327.0,49233.0,0.0,0.0,0.0
2018-12-31,AR,0,3390.0,33220.0,,,0.0
2018-12-31,AI,0,2838.0,9630.0,,,0.0
2018-12-31,SG,1,3476.0,310799.0,1.0,0.0,0.0
2018-12-31,GR,1,3635.0,120386.0,1.0,0.0,0.0
2018-12-31,AG,1,3021.2,421254.0,0.0,0.0,0.0
2018-12-31,TG,0,3286.0,171646.0,,,0.0
2018-12-31,TI,11,4340.75,209350.0,0.0909090909090909,0.4545454545454545,0.0
2018-12-31,VD,3,4267.26,492075.0,0.6666666666666666,0.3333333333333333,0.0
2018-12-31,VS,0,2812.5,208500.0,,,0.0
2018-12-31,NE,2,3126.0,105812.0,0.5,0.5,0.0
2018-12-31,GE,7,4892.0,312012.0,0.7142857142857143,0.1428571428571428,0.0
2018-12-31,JU,0,4403.55,42692.0,,,0.0
2019-01-31,ZG,59,2338.5,79665.0,0.4067796610169492,0.423728813559322,0.0
2019-01-31,ZH,23,4356.0,972784.0,0.4782608695652174,0.4347826086956521,0.0
2019-01-31,BE,2,3179.65,622788.0,0.0,0.0,0.0
2019-01-31,LU,1,2629.7,255571.0,1.0,0.0,0.0
2019-01-31,UR,1,2982.3012,21715.0,0.0,0.0,0.0
2019-01-31,SZ,3,3005.6,100405.0,0.6666666666666666,0.3333333333333333,0.0
2019-01-31,OW,1,2726.3,23018.0,1.0,0.0,0.0
2019-01-31,NW,0,2541.0,26281.0,,,0.0
2019-01-31,GL,0,3350.0,24537.0,,,0.0
2019-01-31,FR,0,3103.05,198907.0,,,0.0
2019-01-31,SO,0,3256.5,168215.0,,,0.0
2019-01-31,BS,0,2695.0,123115.0,,,0.0
2019-01-31,BL,0,3542.0,169810.0,,,0.0
2019-01-31,SH,1,3327.0,49301.0,0.0,0.0,0.0
2019-01-31,AR,0,3390.0,33195.0,,,0.0
2019-01-31,AI,0,2838.0,9566.0,,,0.0
2019-01-31,SG,1,3476.0,311506.0,1.0,0.0,0.0
2019-01-31,GR,1,3602.0,120467.0,1.0,0.0,0.0
2019-01-31,AG,1,3021.2,424024.0,0.0,0.0,0.0
2019-01-31,TG,0,3274.8,172783.0,,,0.0
2019-01-31,TI,11,4340.75,207648.0,0.0909090909090909,0.4545454545454545,0.0
2019-01-31,VD,3,2799.3946000000005,495399.0,0.6666666666666666,0.3333333333333333,0.0
2019-01-31,VS,0,2812.5,208907.0,,,0.0
2019-01-31,NE,2,3126.0,105527.0,0.5,0.5,0.0
2019-01-31,GE,7,4893.55,315296.0,0.7142857142857143,0.1428571428571428,0.0
2019-01-31,JU,0,4372.45,42605.0,,,0.0
2019-02-28,ZG,59,2338.5,79665.0,0.4067796610169492,0.423728813559322,0.0
2019-02-28,ZH,24,4356.0,972784.0,0.4583333333333333,0.4166666666666667,0.0
2019-02-28,BE,2,3179.65,622788.0,0.0,0.0,0.0
2019-02-28,LU,1,2629.7,255571.0,1.0,0.0,0.0
2019-02-28,UR,1,2982.3012,21715.0,0.0,0.0,0.0
2019-02-28,SZ,3,3005.6,100405.0,0.6666666666666666,0.3333333333333333,0.0
2019-02-28,OW,1,2726.3,23018.0,1.0,0.0,0.0
2019-02-28,NW,0,2541.0,26281.0,,,0.0
2019-02-28,GL,0,3350.0,24537.0,,,0.0
2019-02-28,FR,0,3103.05,198907.0,,,0.0
2019-02-28,SO,0,3256.5,168215.0,,,0.0
2019-02-28,BS,1,2695.0,123115.0,0.0,0.0,0.0
2019-02-28,BL,0,3542.0,169810.0,,,0.0
2019-02-28,SH,1,3327.0,49301.0,0.0,0.0,0.0
2019-02-28,AR,0,3390.0,33195.0,,,0.0
2019-02-28,AI,0,2838.0,9566.0,,,0.0
2019-02-28,SG,1,3476.0,311506.0,1.0,0.0,0.0
2019-02-28,GR,1,3602.0,120467.0,1.0,0.0,0.0
2019-02-28,AG,1,3021.2,424024.0,0.0,0.0,0.0
2019-02-28,TG,0,3274.8,172783.0,,,0.0
2019-02-28,TI,11,4340.75,207648.0,0.0909090909090909,0.4545454545454545,0.0
2019-02-28,VD,3,2799.3946000000005,495399.0,0.6666666666666666,0.3333333333333333,0.0
2019-02-28,VS,0,2812.5,208907.0,,,0.0
2019-02-28,NE,2,3126.0,105527.0,0.5,0.5,0.0
2019-02-28,GE,8,4893.55,315296.0,0.625,0.125,0.0
2019-02-28,JU,0,4372.45,42605.0,,,0.0
2019-03-31,ZG,62,2338.5,79665.0,0.4193548387096774,0.4193548387096774,0.0
2019-03-31,ZH,25,4356.0,972784.0,0.48,0.4,0.0
2019-03-31,BE,2,3179.65,622788.0,0.0,0.0,0.0
2019-03-31,LU,1,2629.7,255571.0,1.0,0.0,0.0
2019-03-31,UR,1,2982.3012,21715.0,0.0,0.0,0.0
2019-03-31,SZ,3,3005.6,100405.0,0.6666666666666666,0.3333333333333333,0.0
2019-03-31,OW,1,2726.3,23018.0,1.0,0.0,0.0
2019-03-31,NW,0,2541.0,26281.0,,,0.0
2019-03-31,GL,0,3350.0,24537.0,,,0.0
2019-03-31,FR,0,3103.05,198907.0,,,0.0
2019-03-31,SO,0,3256.5,168215.0,,,0.0
2019-03-31,BS,1,2695.0,123115.0,0.0,0.0,0.0
2019-03-31,BL,0,3542.0,169810.0,,,0.0
2019-03-31,SH,1,3327.0,49301.0,0.0,0.0,0.0
2019-03-31,AR,0,3390.0,33195.0,,,0.0
2019-03-31,AI,0,2838.0,9566.0,,,0.0
2019-03-31,SG,1,3476.0,311506.0,1.0,0.0,0.0
2019-03-31,GR,1,3602.0,120467.0,1.0,0.0,0.0
2019-03-31,AG,1,3021.2,424024.0,0.0,0.0,0.0
2019-03-31,TG,0,3274.8,172783.0,,,0.0
2019-03-31,TI,11,4340.75,207648.0,0.0909090909090909,0.4545454545454545,0.0
2019-03-31,VD,3,2799.3946000000005,495399.0,0.6666666666666666,0.3333333333333333,0.0
2019-03-31,VS,0,2812.5,208907.0,,,0.0
2019-03-31,NE,2,3126.0,105527.0,0.5,0.5,0.0
2019-03-31,GE,8,4893.55,315296.0,0.625,0.125,0.0
2019-03-31,JU,0,4372.45,42605.0,,,0.0
2019-04-30,ZG,63,2338.5,79665.0,0.4285714285714285,0.4126984126984127,0.0
2019-04-30,ZH,27,4356.0,972784.0,0.4814814814814814,0.3703703703703703,0.0
2019-04-30,BE,2,3179.65,622788.0,0.0,0.0,0.0
2019-04-30,LU,1,2629.7,255571.0,1.0,0.0,0.0
2019-04-30,UR,1,2982.3012,21715.0,0.0,0.0,0.0
2019-04-30,SZ,3,3005.6,100405.0,0.6666666666666666,0.3333333333333333,0.0
2019-04-30,OW,1,2726.3,23018.0,1.0,0.0,0.0
2019-04-30,NW,0,2541.0,26281.0,,,0.0
2019-04-30,GL,0,3350.0,24537.0,,,0.0
2019-04-30,FR,0,3103.05,198907.0,,,0.0
2019-04-30,SO,0,3256.5,168215.0,,,0.0
2019-04-30,BS,1,2695.0,123115.0,0.0,0.0,0.0
2019-04-30,BL,0,3542.0,169810.0,,,0.0
2019-04-30,SH,1,3327.0,49301.0,0.0,0.0,0.0
2019-04-30,AR,0,3390.0,33195.0,,,0.0
2019-04-30,AI,0,2838.0,9566.0,,,0.0
2019-04-30,SG,1,3476.0,311506.0,1.0,0.0,0.0
2019-04-30,GR,1,3602.0,120467.0,1.0,0.0,0.0
2019-04-30,AG,1,3021.2,424024.0,0.0,0.0,0.0
2019-04-30,TG,0,3274.8,172783.0,,,0.0
2019-04-30,TI,11,4340.75,207648.0,0.0909090909090909,0.4545454545454545,0.0
2019-04-30,VD,3,2799.3946000000005,495399.0,0.6666666666666666,0.3333333333333333,0.0
2019-04-30,VS,0,2812.5,208907.0,,,0.0
2019-04-30,NE,2,3126.0,105527.0,0.5,0.5,0.0
2019-04-30,GE,9,4893.55,315296.0,0.5555555555555556,0.2222222222222222,0.0
2019-04-30,JU,0,4372.45,42605.0,,,0.0
2019-05-31,ZG,65,2338.5,79665.0,0.4153846153846154,0.4307692307692308,0.0
2019-05-31,ZH,27,4356.0,972784.0,0.4814814814814814,0.3703703703703703,0.0
2019-05-31,BE,2,3179.65,622788.0,0.0,0.0,0.0
2019-05-31,LU,1,2629.7,255571.0,1.0,0.0,0.0
2019-05-31,UR,1,2982.3012,21715.0,0.0,0.0,0.0
2019-05-31,SZ,3,3005.6,100405.0,0.6666666666666666,0.3333333333333333,0.0
2019-05-31,OW,1,2726.3,23018.0,1.0,0.0,0.0
2019-05-31,NW,0,2541.0,26281.0,,,0.0
2019-05-31,GL,0,3350.0,24537.0,,,0.0
2019-05-31,FR,0,3103.05,198907.0,,,0.0
2019-05-31,SO,0,3256.5,168215.0,,,0.0
2019-05-31,BS,1,2695.0,123115.0,0.0,0.0,0.0
2019-05-31,BL,0,3542.0,169810.0,,,0.0
2019-05-31,SH,1,3327.0,49301.0,0.0,0.0,0.0
2019-05-31,AR,0,3390.0,33195.0,,,0.0
2019-05-31,AI,0,2838.0,9566.0,,,0.0
2019-05-31,SG,1,3476.0,311506.0,1.0,0.0,0.0
2019-05-31,GR,1,3602.0,120467.0,1.0,0.0,0.0
2019-05-31,AG,1,3021.2,424024.0,0.0,0.0,0.0
2019-05-31,TG,0,3274.8,172783.0,,,0.0
2019-05-31,TI,11,4340.75,207648.0,0.0909090909090909,0.4545454545454545,0.0
2019-05-31,VD,3,2799.3946000000005,495399.0,0.6666666666666666,0.3333333333333333,0.0
2019-05-31,VS,0,2812.5,208907.0,,,0.0
2019-05-31,NE,3,3126.0,105527.0,0.6666666666666666,0.3333333333333333,0.0
2019-05-31,GE,9,4893.55,315296.0,0.5555555555555556,0.2222222222222222,0.0
2019-05-31,JU,0,4372.45,42605.0,,,0.0
2019-06-30,ZG,66,2338.5,79665.0,0.4242424242424242,0.4242424242424242,0.0
2019-06-30,ZH,27,4356.0,972784.0,0.4814814814814814,0.3703703703703703,0.0
2019-06-30,BE,2,3179.65,622788.0,0.0,0.0,0.0
2019-06-30,LU,1,2629.7,255571.0,1.0,0.0,0.0
2019-06-30,UR,1,2982.3012,21715.0,0.0,0.0,0.0
2019-06-30,SZ,3,3005.6,100405.0,0.6666666666666666,0.3333333333333333,0.0
2019-06-30,OW,1,2726.3,23018.0,1.0,0.0,0.0
2019-06-30,NW,0,2541.0,26281.0,,,0.0
2019-06-30,GL,0,3350.0,24537.0,,,0.0
2019-06-30,FR,0,3103.05,198907.0,,,0.0
2019-06-30,SO,0,3256.5,168215.0,,,0.0
2019-06-30,BS,1,2695.0,123115.0,0.0,0.0,0.0
2019-06-30,BL,0,3542.0,169810.0,,,0.0
2019-06-30,SH,1,3327.0,49301.0,0.0,0.0,0.0
2019-06-30,AR,0,3390.0,33195.0,,,0.0
2019-06-30,AI,0,2838.0,9566.0,,,0.0
2019-06-30,SG,1,3476.0,311506.0,1.0,0.0,0.0
2019-06-30,GR,1,3602.0,120467.0,1.0,0.0,0.0
2019-06-30,AG,1,3021.2,424024.0,0.0,0.0,0.0
2019-06-30,TG,0,3274.8,172783.0,,,0.0
2019-06-30,TI,11,4340.75,207648.0,0.0909090909090909,0.4545454545454545,0.0
2019-06-30,VD,3,2799.3946000000005,495399.0,0.6666666666666666,0.3333333333333333,0.0
2019-06-30,VS,0,2812.5,208907.0,,,0.0
2019-06-30,NE,3,3126.0,105527.0,0.6666666666666666,0.3333333333333333,0.0
2019-06-30,GE,10,4893.55,315296.0,0.5,0.2,0.0
2019-06-30,JU,0,4372.45,42605.0,,,0.0
2019-07-31,ZG,70,2338.5,79665.0,0.4142857142857143,0.4285714285714285,0.0
2019-07-31,ZH,27,4356.0,972784.0,0.4814814814814814,0.3703703703703703,0.0
2019-07-31,BE,2,3179.65,622788.0,0.0,0.0,0.0
2019-07-31,LU,1,2629.7,255571.0,1.0,0.0,0.0
2019-07-31,UR,1,2982.3012,21715.0,0.0,0.0,0.0
2019-07-31,SZ,3,3005.6,100405.0,0.6666666666666666,0.3333333333333333,0.0
2019-07-31,OW,1,2726.3,23018.0,1.0,0.0,0.0
2019-07-31,NW,0,2541.0,26281.0,,,0.0
2019-07-31,GL,0,3350.0,24537.0,,,0.0
2019-07-31,FR,0,3103.05,198907.0,,,0.0
2019-07-31,SO,0,3256.5,168215.0,,,0.0
2019-07-31,BS,1,2695.0,123115.0,0.0,0.0,0.0
2019-07-31,BL,0,3542.0,169810.0,,,0.0
2019-07-31,SH,1,3327.0,49301.0,0.0,0.0,0.0
2019-07-31,AR,0,3390.0,33195.0,,,0.0
2019-07-31,AI,0,2838.0,9566.0,,,0.0
2019-07-31,SG,1,3476.0,311506.0,1.0,0.0,0.0
2019-07-31,GR,1,3602.0,120467.0,1.0,0.0,0.0
2019-07-31,AG,1,3021.2,424024.0,0.0,0.0,0.0
2019-07-31,TG,0,3274.8,172783.0,,,0.0
2019-07-31,TI,12,4340.75,207648.0,0.0833333333333333,0.5,0.0
2019-07-31,VD,3,2799.3946000000005,495399.0,0.6666666666666666,0.3333333333333333,0.0
2019-07-31,VS,0,2812.5,208907.0,,,0.0
2019-07-31,NE,3,3126.0,105527.0,0.6666666666666666,0.3333333333333333,0.0
2019-07-31,GE,10,4893.55,315296.0,0.5,0.2,0.0
2019-07-31,JU,0,4372.45,42605.0,,,0.0
2019-08-31,ZG,70,2338.5,79665.0,0.4142857142857143,0.4285714285714285,0.0
2019-08-31,ZH,28,4356.0,972784.0,0.5,0.3571428571428571,0.0
2019-08-31,BE,2,3179.65,622788.0,0.0,0.0,0.0
2019-08-31,LU,1,2629.7,255571.0,1.0,0.0,0.0
2019-08-31,UR,1,2982.3012,21715.0,0.0,0.0,0.0
2019-08-31,SZ,3,3005.6,100405.0,0.6666666666666666,0.3333333333333333,0.0
2019-08-31,OW,1,2726.3,23018.0,1.0,0.0,0.0
2019-08-31,NW,0,2541.0,26281.0,,,0.0
2019-08-31,GL,0,3350.0,24537.0,,,0.0
2019-08-31,FR,0,3103.05,198907.0,,,0.0
2019-08-31,SO,0,3256.5,168215.0,,,0.0
2019-08-31,BS,1,2695.0,123115.0,0.0,0.0,0.0
2019-08-31,BL,0,3542.0,169810.0,,,0.0
2019-08-31,SH,1,3327.0,49301.0,0.0,0.0,0.0
2019-08-31,AR,0,3390.0,33195.0,,,0.0
2019-08-31,AI,0,2838.0,9566.0,,,0.0
2019-08-31,SG,1,3476.0,311506.0,1.0,0.0,0.0
2019-08-31,GR,1,3602.0,120467.0,1.0,0.0,0.0
2019-08-31,AG,1,3021.2,424024.0,0.0,0.0,0.0
2019-08-31,TG,0,3274.8,172783.0,,,0.0
2019-08-31,TI,12,4340.75,207648.0,0.0833333333333333,0.5,0.0
2019-08-31,VD,3,2799.3946000000005,495399.0,0.6666666666666666,0.3333333333333333,0.0
2019-08-31,VS,0,2812.5,208907.0,,,0.0
2019-08-31,NE,3,3126.0,105527.0,0.6666666666666666,0.3333333333333333,0.0
2019-08-31,GE,10,4893.55,315296.0,0.5,0.2,0.0
2019-08-31,JU,0,4372.45,42605.0,,,0.0
2019-09-30,ZG,70,2338.5,79665.0,0.4142857142857143,0.4285714285714285,0.0
2019-09-30,ZH,28,4356.0,972784.0,0.5,0.3571428571428571,0.0
2019-09-30,BE,2,3179.65,622788.0,0.0,0.0,0.0
2019-09-30,LU,1,2629.7,255571.0,1.0,0.0,0.0
2019-09-30,UR,1,2982.3012,21715.0,0.0,0.0,0.0
2019-09-30,SZ,3,3005.6,100405.0,0.6666666666666666,0.3333333333333333,0.0
2019-09-30,OW,1,2726.3,23018.0,1.0,0.0,0.0
2019-09-30,NW,0,2541.0,26281.0,,,0.0
2019-09-30,GL,0,3350.0,24537.0,,,0.0
2019-09-30,FR,0,3103.05,198907.0,,,0.0
2019-09-30,SO,0,3256.5,168215.0,,,0.0
2019-09-30,BS,1,2695.0,123115.0,0.0,0.0,0.0
2019-09-30,BL,0,3542.0,169810.0,,,0.0
2019-09-30,SH,1,3327.0,49301.0,0.0,0.0,0.0
2019-09-30,AR,0,3390.0,33195.0,,,0.0
2019-09-30,AI,0,2838.0,9566.0,,,0.0
2019-09-30,SG,1,3476.0,311506.0,1.0,0.0,0.0
2019-09-30,GR,1,3602.0,120467.0,1.0,0.0,0.0
2019-09-30,AG,1,3021.2,424024.0,0.0,0.0,0.0
2019-09-30,TG,0,3274.8,172783.0,,,0.0
2019-09-30,TI,12,4340.75,207648.0,0.0833333333333333,0.5,0.0
2019-09-30,VD,4,2799.3946000000005,495399.0,0.75,0.25,0.0
2019-09-30,VS,0,2812.5,208907.0,,,0.0
2019-09-30,NE,4,3126.0,105527.0,0.5,0.5,0.0
2019-09-30,GE,10,4893.55,315296.0,0.5,0.2,0.0
2019-09-30,JU,0,4372.45,42605.0,,,0.0
2019-10-31,ZG,70,2338.5,79665.0,0.4142857142857143,0.4285714285714285,0.0
2019-10-31,ZH,28,4356.0,972784.0,0.5,0.3571428571428571,0.0
2019-10-31,BE,2,3179.65,622788.0,0.0,0.0,0.0
2019-10-31,LU,1,2629.7,255571.0,1.0,0.0,0.0
2019-10-31,UR,1,2982.3012,21715.0,0.0,0.0,0.0
2019-10-31,SZ,4,3005.6,100405.0,0.5,0.5,0.0
2019-10-31,OW,1,2726.3,23018.0,1.0,0.0,0.0
2019-10-31,NW,0,2541.0,26281.0,,,0.0
2019-10-31,GL,0,3350.0,24537.0,,,0.0
2019-10-31,FR,0,3103.05,198907.0,,,0.0
2019-10-31,SO,0,3256.5,168215.0,,,0.0
2019-10-31,BS,1,2695.0,123115.0,0.0,0.0,0.0
2019-10-31,BL,0,3542.0,169810.0,,,0.0
2019-10-31,SH,1,3327.0,49301.0,0.0,0.0,0.0
2019-10-31,AR,0,3390.0,33195.0,,,0.0
2019-10-31,AI,0,2838.0,9566.0,,,0.0
2019-10-31,SG,1,3476.0,311506.0,1.0,0.0,0.0
2019-10-31,GR,1,3602.0,120467.0,1.0,0.0,0.0
2019-10-31,AG,1,3021.2,424024.0,0.0,0.0,0.0
2019-10-31,TG,0,3274.8,172783.0,,,0.0
2019-10-31,TI,12,4340.75,207648.0,0.0833333333333333,0.5,0.0
2019-10-31,VD,4,2799.3946000000005,495399.0,0.75,0.25,0.0
2019-10-31,VS,0,2812.5,208907.0,,,0.0
2019-10-31,NE,4,3126.0,105527.0,0.5,0.5,0.0
2019-10-31,GE,11,4893.55,315296.0,0.4545454545454545,0.1818181818181818,0.0
2019-10-31,JU,0,4372.45,42605.0,,,0.0
2019-11-30,ZG,70,2338.5,79665.0,0.4142857142857143,0.4285714285714285,0.0
2019-11-30,ZH,29,4356.0,972784.0,0.4827586206896552,0.3793103448275862,0.0
2019-11-30,BE,2,3179.65,622788.0,0.0,0.0,0.0
2019-11-30,LU,1,2629.7,255571.0,1.0,0.0,0.0
2019-11-30,UR,1,2982.3012,21715.0,0.0,0.0,0.0
2019-11-30,SZ,4,3005.6,100405.0,0.5,0.5,0.0
2019-11-30,OW,1,2726.3,23018.0,1.0,0.0,0.0
2019-11-30,NW,0,2541.0,26281.0,,,0.0
2019-11-30,GL,0,3350.0,24537.0,,,0.0
2019-11-30,FR,0,3103.05,198907.0,,,0.0
2019-11-30,SO,0,3256.5,168215.0,,,0.0
2019-11-30,BS,1,2695.0,123115.0,0.0,0.0,0.0
2019-11-30,BL,0,3542.0,169810.0,,,0.0
2019-11-30,SH,1,3327.0,49301.0,0.0,0.0,0.0
2019-11-30,AR,0,3390.0,33195.0,,,0.0
2019-11-30,AI,0,2838.0,9566.0,,,0.0
2019-11-30,SG,1,3476.0,311506.0,1.0,0.0,0.0
2019-11-30,GR,1,3602.0,120467.0,1.0,0.0,0.0
2019-11-30,AG,1,3021.2,424024.0,0.0,0.0,0.0
2019-11-30,TG,0,3274.8,172783.0,,,0.0
2019-11-30,TI,12,4340.75,207648.0,0.0833333333333333,0.5,0.0
2019-11-30,VD,4,2799.3946000000005,495399.0,0.75,0.25,0.0
2019-11-30,VS,0,2812.5,208907.0,,,0.0
2019-11-30,NE,4,3126.0,105527.0,0.5,0.5,0.0
2019-11-30,GE,11,4893.55,315296.0,0.4545454545454545,0.1818181818181818,0.0
2019-11-30,JU,0,4372.45,42605.0,,,0.0
2019-12-31,ZG,70,2338.5,79665.0,0.4142857142857143,0.4285714285714285,0.0
2019-12-31,ZH,30,4356.0,972784.0,0.4666666666666667,0.4,0.0
2019-12-31,BE,2,3179.65,622788.0,0.0,0.0,0.0
2019-12-31,LU,1,2629.7,255571.0,1.0,0.0,0.0
2019-12-31,UR,1,2982.3012,21715.0,0.0,0.0,0.0
2019-12-31,SZ,4,3005.6,100405.0,0.5,0.5,0.0
2019-12-31,OW,1,2726.3,23018.0,1.0,0.0,0.0
2019-12-31,NW,0,2541.0,26281.0,,,0.0
2019-12-31,GL,0,3350.0,24537.0,,,0.0
2019-12-31,FR,0,3103.05,198907.0,,,0.0
2019-12-31,SO,0,3256.5,168215.0,,,0.0
2019-12-31,BS,1,2695.0,123115.0,0.0,0.0,0.0
2019-12-31,BL,0,3542.0,169810.0,,,0.0
2019-12-31,SH,1,3327.0,49301.0,0.0,0.0,0.0
2019-12-31,AR,0,3390.0,33195.0,,,0.0
2019-12-31,AI,0,2838.0,9566.0,,,0.0
2019-12-31,SG,1,3476.0,311506.0,1.0,0.0,0.0
2019-12-31,GR,1,3602.0,120467.0,1.0,0.0,0.0
2019-12-31,AG,1,3021.2,424024.0,0.0,0.0,0.0
2019-12-31,TG,0,3274.8,172783.0,,,0.0
2019-12-31,TI,12,4340.75,207648.0,0.0833333333333333,0.5,0.0
2019-12-31,VD,4,2799.3946000000005,495399.0,0.75,0.25,0.0
2019-12-31,VS,0,2812.5,208907.0,,,0.0
2019-12-31,NE,4,3126.0,105527.0,0.5,0.5,0.0
2019-12-31,GE,11,4893.55,315296.0,0.4545454545454545,0.1818181818181818,0.0
2019-12-31,JU,0,4372.45,42605.0,,,0.0
2020-01-31,ZG,70,2848.8,80234.0,0.4142857142857143,0.4285714285714285,0.0
2020-01-31,ZH,32,4356.0,980693.0,0.46875,0.375,0.0
2020-01-31,BE,2,3179.65,622565.0,0.0,0.0,0.0
2020-01-31,LU,1,2629.7,256790.0,1.0,0.0,0.0
2020-01-31,UR,1,2531.5948,21739.0,0.0,0.0,0.0
2020-01-31,SZ,4,2813.65,101197.0,0.5,0.5,0.0
2020-01-31,OW,1,2556.5,23034.0,1.0,0.0,0.0
2020-01-31,NW,0,2548.0,26388.0,,,0.0
2020-01-31,GL,0,2700.0,24610.0,,,0.0
2020-01-31,FR,0,2827.7,201329.0,,,0.0
2020-01-31,SO,0,3232.0,168974.0,,,0.0
2020-01-31,BS,1,2695.0,123788.0,0.0,0.0,0.0
2020-01-31,BL,0,3707.4,170100.0,,,0.0
2020-01-31,SH,1,2812.1620000000003,49632.0,0.0,0.0,0.0
2020-01-31,AR,0,3390.0,32940.0,,,0.0
2020-01-31,AI,0,2537.5,9621.0,,,0.0
2020-01-31,SG,1,2899.976,313333.0,1.0,0.0,0.0
2020-01-31,GR,1,3348.0,120785.0,1.0,0.0,0.0
2020-01-31,AG,1,3021.2,427461.0,0.0,0.0,0.0
2020-01-31,TG,0,2672.7,174019.0,,,0.0
2020-01-31,TI,12,3864.11,207438.0,0.0833333333333333,0.5,0.0
2020-01-31,VD,4,2806.466666666667,502049.0,0.75,0.25,0.0
2020-01-31,VS,0,2649.0,210723.0,,,0.0
2020-01-31,NE,4,2716.0,105285.0,0.5,0.5,0.0
2020-01-31,GE,11,2800.5,316942.0,0.4545454545454545,0.1818181818181818,0.0
2020-01-31,JU,0,3546.15,42660.0,,,0.0
2020-02-29,ZG,70,2848.8,80234.0,0.4142857142857143,0.4285714285714285,0.0
2020-02-29,ZH,32,4356.0,980693.0,0.46875,0.375,0.0
2020-02-29,BE,2,3179.65,622565.0,0.0,0.0,0.0
2020-02-29,LU,1,2629.7,256790.0,1.0,0.0,0.0
2020-02-29,UR,1,2531.5948,21739.0,0.0,0.0,0.0
2020-02-29,SZ,4,2813.65,101197.0,0.5,0.5,0.0
2020-02-29,OW,1,2556.5,23034.0,1.0,0.0,0.0
2020-02-29,NW,0,2548.0,26388.0,,,0.0
2020-02-29,GL,0,2700.0,24610.0,,,0.0
2020-02-29,FR,0,2827.7,201329.0,,,0.0
2020-02-29,SO,0,3232.0,168974.0,,,0.0
2020-02-29,BS,1,2695.0,123788.0,0.0,0.0,0.0
2020-02-29,BL,0,3707.4,170100.0,,,0.0
2020-02-29,SH,1,2812.1620000000003,49632.0,0.0,0.0,0.0
2020-02-29,AR,0,3390.0,32940.0,,,0.0
2020-02-29,AI,0,2537.5,9621.0,,,0.0
2020-02-29,SG,1,2899.976,313333.0,1.0,0.0,0.0
2020-02-29,GR,1,3348.0,120785.0,1.0,0.0,0.0
2020-02-29,AG,1,3021.2,427461.0,0.0,0.0,0.0
2020-02-29,TG,0,2672.7,174019.0,,,0.0
2020-02-29,TI,13,3864.11,207438.0,0.0769230769230769,0.5384615384615384,0.0
2020-02-29,VD,4,2806.466666666667,502049.0,0.75,0.25,0.0
2020-02-29,VS,0,2649.0,210723.0,,,0.0
2020-02-29,NE,4,2716.0,105285.0,0.5,0.5,0.0
2020-02-29,GE,11,2800.5,316942.0,0.4545454545454545,0.1818181818181818,0.0
2020-02-29,JU,0,3546.15,42660.0,,,0.0
2020-03-31,ZG,71,2848.8,80234.0,0.4225352112676056,0.4225352112676056,0.0
2020-03-31,ZH,32,4356.0,980693.0,0.46875,0.375,0.0
2020-03-31,BE,2,3179.65,622565.0,0.0,0.0,0.0
2020-03-31,LU,1,2629.7,256790.0,1.0,0.0,0.0
2020-03-31,UR,1,2531.5948,21739.0,0.0,0.0,0.0
2020-03-31,SZ,4,2813.65,101197.0,0.5,0.5,0.0
2020-03-31,OW,1,2556.5,23034.0,1.0,0.0,0.0
2020-03-31,NW,0,2548.0,26388.0,,,0.0
2020-03-31,GL,0,2700.0,24610.0,,,0.0
2020-03-31,FR,0,2827.7,201329.0,,,0.0
2020-03-31,SO,0,3232.0,168974.0,,,0.0
2020-03-31,BS,1,2695.0,123788.0,0.0,0.0,0.0
2020-03-31,BL,0,3707.4,170100.0,,,0.0
2020-03-31,SH,1,2812.1620000000003,49632.0,0.0,0.0,0.0
2020-03-31,AR,0,3390.0,32940.0,,,0.0
2020-03-31,AI,0,2537.5,9621.0,,,0.0
2020-03-31,SG,1,2899.976,313333.0,1.0,0.0,0.0
2020-03-31,GR,1,3348.0,120785.0,1.0,0.0,0.0
2020-03-31,AG,1,3021.2,427461.0,0.0,0.0,0.0
2020-03-31,TG,0,2672.7,174019.0,,,0.0
2020-03-31,TI,13,3864.11,207438.0,0.0769230769230769,0.5384615384615384,0.0
2020-03-31,VD,4,2806.466666666667,502049.0,0.75,0.25,0.0
2020-03-31,VS,0,2649.0,210723.0,,,0.0
2020-03-31,NE,4,2716.0,105285.0,0.5,0.5,0.0
2020-03-31,GE,11,2800.5,316942.0,0.4545454545454545,0.1818181818181818,0.0
2020-03-31,JU,0,3546.15,42660.0,,,0.0
2020-04-30,ZG,72,2848.8,80234.0,0.4305555555555556,0.4166666666666667,0.0
2020-04-30,ZH,33,4356.0,980693.0,0.4545454545454545,0.3939393939393939,0.0
2020-04-30,BE,3,3179.65,622565.0,0.3333333333333333,0.0,0.0
2020-04-30,LU,1,2629.7,256790.0,1.0,0.0,0.0
2020-04-30,UR,1,2531.5948,21739.0,0.0,0.0,0.0
2020-04-30,SZ,4,2813.65,101197.0,0.5,0.5,0.0
2020-04-30,OW,1,2556.5,23034.0,1.0,0.0,0.0
2020-04-30,NW,0,2548.0,26388.0,,,0.0
2020-04-30,GL,0,2700.0,24610.0,,,0.0
2020-04-30,FR,0,2827.7,201329.0,,,0.0
2020-04-30,SO,0,3232.0,168974.0,,,0.0
2020-04-30,BS,1,2695.0,123788.0,0.0,0.0,0.0
2020-04-30,BL,0,3707.4,170100.0,,,0.0
2020-04-30,SH,1,2812.1620000000003,49632.0,0.0,0.0,0.0
2020-04-30,AR,0,3390.0,32940.0,,,0.0
2020-04-30,AI,0,2537.5,9621.0,,,0.0
2020-04-30,SG,1,2899.976,313333.0,1.0,0.0,0.0
2020-04-30,GR,1,3348.0,120785.0,1.0,0.0,0.0
2020-04-30,AG,1,3021.2,427461.0,0.0,0.0,0.0
2020-04-30,TG,0,2672.7,174019.0,,,0.0
2020-04-30,TI,13,3864.11,207438.0,0.0769230769230769,0.5384615384615384,0.0
2020-04-30,VD,4,2806.466666666667,502049.0,0.75,0.25,0.0
2020-04-30,VS,0,2649.0,210723.0,,,0.0
2020-04-30,NE,4,2716.0,105285.0,0.5,0.5,0.0
2020-04-30,GE,11,2800.5,316942.0,0.4545454545454545,0.1818181818181818,0.0
2020-04-30,JU,0,3546.15,42660.0,,,0.0
2020-05-31,ZG,72,2848.8,80234.0,0.4305555555555556,0.4166666666666667,0.0
2020-05-31,ZH,33,4356.0,980693.0,0.4545454545454545,0.3939393939393939,0.0
2020-05-31,BE,3,3179.65,622565.0,0.3333333333333333,0.0,0.0
2020-05-31,LU,1,2629.7,256790.0,1.0,0.0,0.0
2020-05-31,UR,1,2531.5948,21739.0,0.0,0.0,0.0
2020-05-31,SZ,4,2813.65,101197.0,0.5,0.5,0.0
2020-05-31,OW,1,2556.5,23034.0,1.0,0.0,0.0
2020-05-31,NW,0,2548.0,26388.0,,,0.0
2020-05-31,GL,0,2700.0,24610.0,,,0.0
2020-05-31,FR,0,2827.7,201329.0,,,0.0
2020-05-31,SO,0,3232.0,168974.0,,,0.0
2020-05-31,BS,1,2695.0,123788.0,0.0,0.0,0.0
2020-05-31,BL,0,3707.4,170100.0,,,0.0
2020-05-31,SH,1,2812.1620000000003,49632.0,0.0,0.0,0.0
2020-05-31,AR,0,3390.0,32940.0,,,0.0
2020-05-31,AI,0,2537.5,9621.0,,,0.0
2020-05-31,SG,1,2899.976,313333.0,1.0,0.0,0.0
2020-05-31,GR,1,3348.0,120785.0,1.0,0.0,0.0
2020-05-31,AG,1,3021.2,427461.0,0.0,0.0,0.0
2020-05-31,TG,0,2672.7,174019.0,,,0.0
2020-05-31,TI,14,3864.11,207438.0,0.0714285714285714,0.5714285714285714,0.0
2020-05-31,VD,4,2806.466666666667,502049.0,0.75,0.25,0.0
2020-05-31,VS,0,2649.0,210723.0,,,0.0
2020-05-31,NE,4,2716.0,105285.0,0.5,0.5,0.0
2020-05-31,GE,11,2800.5,316942.0,0.4545454545454545,0.1818181818181818,0.0
2020-05-31,JU,0,3546.15,42660.0,,,0.0
2020-06-30,ZG,75,2848.8,80234.0,0.4266666666666667,0.4266666666666667,0.0
2020-06-30,ZH,33,4356.0,980693.0,0.4545454545454545,0.3939393939393939,0.0
2020-06-30,BE,3,3179.65,622565.0,0.3333333333333333,0.0,0.0
2020-06-30,LU,1,2629.7,256790.0,1.0,0.0,0.0
2020-06-30,UR,1,2531.5948,21739.0,0.0,0.0,0.0
2020-06-30,SZ,4,2813.65,101197.0,0.5,0.5,0.0
2020-06-30,OW,1,2556.5,23034.0,1.0,0.0,0.0
2020-06-30,NW,0,2548.0,26388.0,,,0.0
2020-06-30,GL,0,2700.0,24610.0,,,0.0
2020-06-30,FR,0,2827.7,201329.0,,,0.0
2020-06-30,SO,0,3232.0,168974.0,,,0.0
2020-06-30,BS,1,2695.0,123788.0,0.0,0.0,0.0
2020-06-30,BL,0,3707.4,170100.0,,,0.0
2020-06-30,SH,1,2812.1620000000003,49632.0,0.0,0.0,0.0
2020-06-30,AR,0,3390.0,32940.0,,,0.0
2020-06-30,AI,0,2537.5,9621.0,,,0.0
2020-06-30,SG,1,2899.976,313333.0,1.0,0.0,0.0
2020-06-30,GR,1,3348.0,120785.0,1.0,0.0,0.0
2020-06-30,AG,1,3021.2,427461.0,0.0,0.0,0.0
2020-06-30,TG,0,2672.7,174019.0,,,0.0
2020-06-30,TI,14,3864.11,207438.0,0.0714285714285714,0.5714285714285714,0.0
2020-06-30,VD,4,2806.466666666667,502049.0,0.75,0.25,0.0
2020-06-30,VS,0,2649.0,210723.0,,,0.0
2020-06-30,NE,5,2716.0,105285.0,0.6,0.4,0.0
2020-06-30,GE,11,2800.5,316942.0,0.4545454545454545,0.1818181818181818,0.0
2020-06-30,JU,0,3546.15,42660.0,,,0.0
2020-07-31,ZG,76,2848.8,80234.0,0.4210526315789473,0.4210526315789473,0.0
2020-07-31,ZH,33,4356.0,980693.0,0.4545454545454545,0.3939393939393939,0.0
2020-07-31,BE,3,3179.65,622565.0,0.3333333333333333,0.0,0.0
2020-07-31,LU,1,2629.7,256790.0,1.0,0.0,0.0
2020-07-31,UR,1,2531.5948,21739.0,0.0,0.0,0.0
2020-07-31,SZ,4,2813.65,101197.0,0.5,0.5,0.0
2020-07-31,OW,1,2556.5,23034.0,1.0,0.0,0.0
2020-07-31,NW,0,2548.0,26388.0,,,0.0
2020-07-31,GL,0,2700.0,24610.0,,,0.0
2020-07-31,FR,0,2827.7,201329.0,,,0.0
2020-07-31,SO,0,3232.0,168974.0,,,0.0
2020-07-31,BS,1,2695.0,123788.0,0.0,0.0,0.0
2020-07-31,BL,0,3707.4,170100.0,,,0.0
2020-07-31,SH,1,2812.1620000000003,49632.0,0.0,0.0,0.0
2020-07-31,AR,0,3390.0,32940.0,,,0.0
2020-07-31,AI,0,2537.5,9621.0,,,0.0
2020-07-31,SG,1,2899.976,313333.0,1.0,0.0,0.0
2020-07-31,GR,1,3348.0,120785.0,1.0,0.0,0.0
2020-07-31,AG,1,3021.2,427461.0,0.0,0.0,0.0
2020-07-31,TG,0,2672.7,174019.0,,,0.0
2020-07-31,TI,14,3864.11,207438.0,0.0714285714285714,0.5714285714285714,0.0
2020-07-31,VD,4,2806.466666666667,502049.0,0.75,0.25,0.0
2020-07-31,VS,0,2649.0,210723.0,,,0.0
2020-07-31,NE,5,2716.0,105285.0,0.6,0.4,0.0
2020-07-31,GE,11,2800.5,316942.0,0.4545454545454545,0.1818181818181818,0.0
2020-07-31,JU,0,3546.15,42660.0,,,0.0
2020-08-31,ZG,77,2848.8,80234.0,0.4285714285714285,0.4155844155844156,0.0
2020-08-31,ZH,33,4356.0,980693.0,0.4545454545454545,0.3939393939393939,0.0
2020-08-31,BE,3,3179.65,622565.0,0.3333333333333333,0.0,0.0
2020-08-31,LU,1,2629.7,256790.0,1.0,0.0,0.0
2020-08-31,UR,1,2531.5948,21739.0,0.0,0.0,0.0
2020-08-31,SZ,4,2813.65,101197.0,0.5,0.5,0.0
2020-08-31,OW,1,2556.5,23034.0,1.0,0.0,0.0
2020-08-31,NW,0,2548.0,26388.0,,,0.0
2020-08-31,GL,0,2700.0,24610.0,,,0.0
2020-08-31,FR,0,2827.7,201329.0,,,0.0
2020-08-31,SO,0,3232.0,168974.0,,,0.0
2020-08-31,BS,1,2695.0,123788.0,0.0,0.0,0.0
2020-08-31,BL,0,3707.4,170100.0,,,0.0
2020-08-31,SH,1,2812.1620000000003,49632.0,0.0,0.0,0.0
2020-08-31,AR,0,3390.0,32940.0,,,0.0
2020-08-31,AI,0,2537.5,9621.0,,,0.0
2020-08-31,SG,1,2899.976,313333.0,1.0,0.0,0.0
2020-08-31,GR,1,3348.0,120785.0,1.0,0.0,0.0
2020-08-31,AG,1,3021.2,427461.0,0.0,0.0,0.0
2020-08-31,TG,0,2672.7,174019.0,,,0.0
2020-08-31,TI,14,3864.11,207438.0,0.0714285714285714,0.5714285714285714,0.0
2020-08-31,VD,4,2806.466666666667,502049.0,0.75,0.25,0.0
2020-08-31,VS,0,2649.0,210723.0,,,0.0
2020-08-31,NE,5,2716.0,105285.0,0.6,0.4,0.0
2020-08-31,GE,11,2800.5,316942.0,0.4545454545454545,0.1818181818181818,0.0
2020-08-31,JU,0,3546.15,42660.0,,,0.0
2020-09-30,ZG,77,2848.8,80234.0,0.4285714285714285,0.4155844155844156,0.0
2020-09-30,ZH,33,4356.0,980693.0,0.4545454545454545,0.3939393939393939,0.0
2020-09-30,BE,4,3179.65,622565.0,0.25,0.0,0.0
2020-09-30,LU,1,2629.7,256790.0,1.0,0.0,0.0
2020-09-30,UR,1,2531.5948,21739.0,0.0,0.0,0.0
2020-09-30,SZ,4,2813.65,101197.0,0.5,0.5,0.0
2020-09-30,OW,1,2556.5,23034.0,1.0,0.0,0.0
2020-09-30,NW,0,2548.0,26388.0,,,0.0
2020-09-30,GL,0,2700.0,24610.0,,,0.0
2020-09-30,FR,0,2827.7,201329.0,,,0.0
2020-09-30,SO,0,3232.0,168974.0,,,0.0
2020-09-30,BS,1,2695.0,123788.0,0.0,0.0,0.0
2020-09-30,BL,0,3707.4,170100.0,,,0.0
2020-09-30,SH,1,2812.1620000000003,49632.0,0.0,0.0,0.0
2020-09-30,AR,0,3390.0,32940.0,,,0.0
2020-09-30,AI,0,2537.5,9621.0,,,0.0
2020-09-30,SG,1,2899.976,313333.0,1.0,0.0,0.0
2020-09-30,GR,1,3348.0,120785.0,1.0,0.0,0.0
2020-09-30,AG,1,3021.2,427461.0,0.0,0.0,0.0
2020-09-30,TG,0,2672.7,174019.0,,,0.0
2020-09-30,TI,14,3864.11,207438.0,0.0714285714285714,0.5714285714285714,0.0
2020-09-30,VD,4,2806.466666666667,502049.0,0.75,0.25,0.0
2020-09-30,VS,0,2649.0,210723.0,,,0.0
2020-09-30,NE,5,2716.0,105285.0,0.6,0.4,0.0
2020-09-30,GE,11,2800.5,316942.0,0.4545454545454545,0.1818181818181818,0.0
2020-09-30,JU,0,3546.15,42660.0,,,0.0
2020-10-31,ZG,78,2848.8,80234.0,0.4230769230769231,0.4230769230769231,0.0
2020-10-31,ZH,33,4356.0,980693.0,0.4545454545454545,0.3939393939393939,0.0
2020-10-31,BE,4,3179.65,622565.0,0.25,0.0,0.0
2020-10-31,LU,1,2629.7,256790.0,1.0,0.0,0.0
2020-10-31,UR,1,2531.5948,21739.0,0.0,0.0,0.0
2020-10-31,SZ,4,2813.65,101197.0,0.5,0.5,0.0
2020-10-31,OW,1,2556.5,23034.0,1.0,0.0,0.0
2020-10-31,NW,0,2548.0,26388.0,,,0.0
2020-10-31,GL,0,2700.0,24610.0,,,0.0
2020-10-31,FR,0,2827.7,201329.0,,,0.0
2020-10-31,SO,0,3232.0,168974.0,,,0.0
2020-10-31,BS,1,2695.0,123788.0,0.0,0.0,0.0
2020-10-31,BL,0,3707.4,170100.0,,,0.0
2020-10-31,SH,1,2812.1620000000003,49632.0,0.0,0.0,0.0
2020-10-31,AR,0,3390.0,32940.0,,,0.0
2020-10-31,AI,0,2537.5,9621.0,,,0.0
2020-10-31,SG,1,2899.976,313333.0,1.0,0.0,0.0
2020-10-31,GR,1,3348.0,120785.0,1.0,0.0,0.0
2020-10-31,AG,1,3021.2,427461.0,0.0,0.0,0.0
2020-10-31,TG,0,2672.7,174019.0,,,0.0
2020-10-31,TI,14,3864.11,207438.0,0.0714285714285714,0.5714285714285714,0.0
2020-10-31,VD,4,2806.466666666667,502049.0,0.75,0.25,0.0
2020-10-31,VS,0,2649.0,210723.0,,,0.0
2020-10-31,NE,5,2716.0,105285.0,0.6,0.4,0.0
2020-10-31,GE,11,2800.5,316942.0,0.4545454545454545,0.1818181818181818,0.0
2020-10-31,JU,0,3546.15,42660.0,,,0.0
2020-11-30,ZG,80,2848.8,80234.0,0.425,0.4125,0.0
2020-11-30,ZH,35,4356.0,980693.0,0.4571428571428571,0.4,0.0
2020-11-30,BE,4,3179.65,622565.0,0.25,0.0,0.0
2020-11-30,LU,2,2629.7,256790.0,1.0,0.0,0.0
2020-11-30,UR,1,2531.5948,21739.0,0.0,0.0,0.0
2020-11-30,SZ,4,2813.65,101197.0,0.5,0.5,0.0
2020-11-30,OW,1,2556.5,23034.0,1.0,0.0,0.0
2020-11-30,NW,0,2548.0,26388.0,,,0.0
2020-11-30,GL,0,2700.0,24610.0,,,0.0
2020-11-30,FR,0,2827.7,201329.0,,,0.0
2020-11-30,SO,0,3232.0,168974.0,,,0.0
2020-11-30,BS,1,2695.0,123788.0,0.0,0.0,0.0
2020-11-30,BL,0,3707.4,170100.0,,,0.0
2020-11-30,SH,1,2812.1620000000003,49632.0,0.0,0.0,0.0
2020-11-30,AR,0,3390.0,32940.0,,,0.0
2020-11-30,AI,0,2537.5,9621.0,,,0.0
2020-11-30,SG,1,2899.976,313333.0,1.0,0.0,0.0
2020-11-30,GR,1,3348.0,120785.0,1.0,0.0,0.0
2020-11-30,AG,1,3021.2,427461.0,0.0,0.0,0.0
2020-11-30,TG,0,2672.7,174019.0,,,0.0
2020-11-30,TI,14,3864.11,207438.0,0.0714285714285714,0.5714285714285714,0.0
2020-11-30,VD,4,2806.466666666667,502049.0,0.75,0.25,0.0
2020-11-30,VS,0,2649.0,210723.0,,,0.0
2020-11-30,NE,5,2716.0,105285.0,0.6,0.4,0.0
2020-11-30,GE,11,2800.5,316942.0,0.4545454545454545,0.1818181818181818,0.0
2020-11-30,JU,0,3546.15,42660.0,,,0.0
2020-12-31,ZG,82,2848.8,80234.0,0.4146341463414634,0.4146341463414634,0.0
2020-12-31,ZH,36,4356.0,980693.0,0.4444444444444444,0.3888888888888889,0.0
2020-12-31,BE,4,3179.65,622565.0,0.25,0.0,0.0
2020-12-31,LU,2,2629.7,256790.0,1.0,0.0,0.0
2020-12-31,UR,1,2531.5948,21739.0,0.0,0.0,0.0
2020-12-31,SZ,4,2813.65,101197.0,0.5,0.5,0.0
2020-12-31,OW,1,2556.5,23034.0,1.0,0.0,0.0
2020-12-31,NW,0,2548.0,26388.0,,,0.0
2020-12-31,GL,0,2700.0,24610.0,,,0.0
2020-12-31,FR,0,2827.7,201329.0,,,0.0
2020-12-31,SO,0,3232.0,168974.0,,,0.0
2020-12-31,BS,1,2695.0,123788.0,0.0,0.0,0.0
2020-12-31,BL,0,3707.4,170100.0,,,0.0
2020-12-31,SH,1,2812.1620000000003,49632.0,0.0,0.0,0.0
2020-12-31,AR,0,3390.0,32940.0,,,0.0
2020-12-31,AI,0,2537.5,9621.0,,,0.0
2020-12-31,SG,1,2899.976,313333.0,1.0,0.0,0.0
2020-12-31,GR,1,3348.0,120785.0,1.0,0.0,0.0
2020-12-31,AG,1,3021.2,427461.0,0.0,0.0,0.0
2020-12-31,TG,0,2672.7,174019.0,,,0.0
2020-12-31,TI,15,3864.11,207438.0,0.0666666666666666,0.6,0.0
2020-12-31,VD,4,2806.466666666667,502049.0,0.75,0.25,0.0
2020-12-31,VS,0,2649.0,210723.0,,,0.0
2020-12-31,NE,5,2716.0,105285.0,0.6,0.4,0.0
2020-12-31,GE,11,2800.5,316942.0,0.4545454545454545,0.1818181818181818,0.0
2020-12-31,JU,0,3546.15,42660.0,,,0.0
2021-01-31,ZG,83,2826.75,80641.0,0.4216867469879518,0.4096385542168674,1.0
2021-01-31,ZH,36,4072.0,984746.0,0.4444444444444444,0.3888888888888889,0.0
2021-01-31,BE,4,3114.45,621199.0,0.25,0.0,0.0
2021-01-31,LU,3,2629.7,258090.0,0.6666666666666666,0.0,0.0
2021-01-31,UR,1,2529.646,21709.0,0.0,0.0,0.0
2021-01-31,SZ,4,2813.65,101748.0,0.5,0.5,0.0
2021-01-31,OW,1,2556.5,23127.0,1.0,0.0,0.0
2021-01-31,NW,0,2404.0,26489.0,,,0.0
2021-01-31,GL,0,2678.0,24747.0,,,0.0
2021-01-31,FR,0,2827.7,203367.0,,,0.0
2021-01-31,SO,0,3141.0,169413.0,,,0.0
2021-01-31,BS,1,2695.0,122872.0,0.0,0.0,0.0
2021-01-31,BL,0,3707.4,170238.0,,,0.0
2021-01-31,SH,1,2791.7300000000005,49828.0,0.0,0.0,0.0
2021-01-31,AR,0,3390.0,32862.0,,,0.0
2021-01-31,AI,0,2537.5,9616.0,,,0.0
2021-01-31,SG,1,2899.976,314899.0,1.0,0.0,0.0
2021-01-31,GR,1,3348.0,121024.0,1.0,0.0,0.0
2021-01-31,AG,1,3013.6,430594.0,0.0,0.0,0.0
2021-01-31,TG,0,2672.7,174636.0,,,0.0
2021-01-31,TI,15,3864.11,207470.0,0.0666666666666666,0.6,0.0
2021-01-31,VD,4,2800.7333333333336,506501.0,0.75,0.25,0.0
2021-01-31,VS,0,2649.0,213030.0,,,0.0
2021-01-31,NE,5,2716.0,105216.0,0.6,0.4,0.0
2021-01-31,GE,11,2867.3154375,317976.0,0.4545454545454545,0.1818181818181818,0.0
2021-01-31,JU,0,3546.15,42536.0,,,0.0
2021-02-28,ZG,84,2826.75,80641.0,0.4285714285714285,0.4047619047619047,1.0
2021-02-28,ZH,36,4072.0,984746.0,0.4444444444444444,0.3888888888888889,0.0
2021-02-28,BE,4,3114.45,621199.0,0.25,0.0,0.0
2021-02-28,LU,4,2629.7,258090.0,0.5,0.25,0.0
2021-02-28,UR,1,2529.646,21709.0,0.0,0.0,0.0
2021-02-28,SZ,4,2813.65,101748.0,0.5,0.5,0.0
2021-02-28,OW,1,2556.5,23127.0,1.0,0.0,0.0
2021-02-28,NW,0,2404.0,26489.0,,,0.0
2021-02-28,GL,0,2678.0,24747.0,,,0.0
2021-02-28,FR,0,2827.7,203367.0,,,0.0
2021-02-28,SO,0,3141.0,169413.0,,,0.0
2021-02-28,BS,1,2695.0,122872.0,0.0,0.0,0.0
2021-02-28,BL,0,3707.4,170238.0,,,0.0
2021-02-28,SH,1,2791.7300000000005,49828.0,0.0,0.0,0.0
2021-02-28,AR,0,3390.0,32862.0,,,0.0
2021-02-28,AI,0,2537.5,9616.0,,,0.0
2021-02-28,SG,1,2899.976,314899.0,1.0,0.0,0.0
2021-02-28,GR,1,3348.0,121024.0,1.0,0.0,0.0
2021-02-28,AG,1,3013.6,430594.0,0.0,0.0,0.0
2021-02-28,TG,0,2672.7,174636.0,,,0.0
2021-02-28,TI,15,3864.11,207470.0,0.0666666666666666,0.6,0.0
2021-02-28,VD,4,2800.7333333333336,506501.0,0.75,0.25,0.0
2021-02-28,VS,1,2649.0,213030.0,0.0,0.0,0.0
2021-02-28,NE,5,2716.0,105216.0,0.6,0.4,0.0
2021-02-28,GE,11,2867.3154375,317976.0,0.4545454545454545,0.1818181818181818,0.0
2021-02-28,JU,0,3546.15,42536.0,,,0.0
2021-03-31,ZG,87,2826.75,80641.0,0.4137931034482758,0.3908045977011494,1.0
2021-03-31,ZH,37,4072.0,984746.0,0.4324324324324324,0.4054054054054054,0.0
2021-03-31,BE,4,3114.45,621199.0,0.25,0.0,0.0
2021-03-31,LU,4,2629.7,258090.0,0.5,0.25,0.0
2021-03-31,UR,1,2529.646,21709.0,0.0,0.0,0.0
2021-03-31,SZ,5,2813.65,101748.0,0.4,0.6,0.0
2021-03-31,OW,1,2556.5,23127.0,1.0,0.0,0.0
2021-03-31,NW,0,2404.0,26489.0,,,0.0
2021-03-31,GL,0,2678.0,24747.0,,,0.0
2021-03-31,FR,0,2827.7,203367.0,,,0.0
2021-03-31,SO,0,3141.0,169413.0,,,0.0
2021-03-31,BS,1,2695.0,122872.0,0.0,0.0,0.0
2021-03-31,BL,0,3707.4,170238.0,,,0.0
2021-03-31,SH,1,2791.7300000000005,49828.0,0.0,0.0,0.0
2021-03-31,AR,0,3390.0,32862.0,,,0.0
2021-03-31,AI,0,2537.5,9616.0,,,0.0
2021-03-31,SG,1,2899.976,314899.0,1.0,0.0,0.0
2021-03-31,GR,1,3348.0,121024.0,1.0,0.0,0.0
2021-03-31,AG,1,3013.6,430594.0,0.0,0.0,0.0
2021-03-31,TG,0,2672.7,174636.0,,,0.0
2021-03-31,TI,15,3864.11,207470.0,0.0666666666666666,0.6,0.0
2021-03-31,VD,5,2800.7333333333336,506501.0,0.8,0.2,0.0
2021-03-31,VS,2,2649.0,213030.0,0.5,0.0,0.0
2021-03-31,NE,5,2716.0,105216.0,0.6,0.4,0.0
2021-03-31,GE,11,2867.3154375,317976.0,0.4545454545454545,0.1818181818181818,0.0
2021-03-31,JU,0,3546.15,42536.0,,,0.0
2021-04-30,ZG,88,2826.75,80641.0,0.4090909090909091,0.3977272727272727,1.0
2021-04-30,ZH,38,4072.0,984746.0,0.4210526315789473,0.3947368421052631,0.0
2021-04-30,BE,4,3114.45,621199.0,0.25,0.0,0.0
2021-04-30,LU,4,2629.7,258090.0,0.5,0.25,0.0
2021-04-30,UR,1,2529.646,21709.0,0.0,0.0,0.0
2021-04-30,SZ,5,2813.65,101748.0,0.4,0.6,0.0
2021-04-30,OW,1,2556.5,23127.0,1.0,0.0,0.0
2021-04-30,NW,0,2404.0,26489.0,,,0.0
2021-04-30,GL,0,2678.0,24747.0,,,0.0
2021-04-30,FR,0,2827.7,203367.0,,,0.0
2021-04-30,SO,0,3141.0,169413.0,,,0.0
2021-04-30,BS,1,2695.0,122872.0,0.0,0.0,0.0
2021-04-30,BL,0,3707.4,170238.0,,,0.0
2021-04-30,SH,1,2791.7300000000005,49828.0,0.0,0.0,0.0
2021-04-30,AR,0,3390.0,32862.0,,,0.0
2021-04-30,AI,0,2537.5,9616.0,,,0.0
2021-04-30,SG,1,2899.976,314899.0,1.0,0.0,0.0
2021-04-30,GR,1,3348.0,121024.0,1.0,0.0,0.0
2021-04-30,AG,1,3013.6,430594.0,0.0,0.0,0.0
2021-04-30,TG,0,2672.7,174636.0,,,0.0
2021-04-30,TI,15,3864.11,207470.0,0.0666666666666666,0.6,0.0
2021-04-30,VD,5,2800.7333333333336,506501.0,0.8,0.2,0.0
2021-04-30,VS,2,2649.0,213030.0,0.5,0.0,0.0
2021-04-30,NE,5,2716.0,105216.0,0.6,0.4,0.0
2021-04-30,GE,11,2867.3154375,317976.0,0.4545454545454545,0.1818181818181818,0.0
2021-04-30,JU,0,3546.15,42536.0,,,0.0
2021-05-31,ZG,91,2826.75,80641.0,0.4175824175824176,0.3956043956043956,1.0
2021-05-31,ZH,40,4072.0,984746.0,0.425,0.4,0.0
2021-05-31,BE,4,3114.45,621199.0,0.25,0.0,0.0
2021-05-31,LU,4,2629.7,258090.0,0.5,0.25,0.0
2021-05-31,UR,1,2529.646,21709.0,0.0,0.0,0.0
2021-05-31,SZ,5,2813.65,101748.0,0.4,0.6,0.0
2021-05-31,OW,1,2556.5,23127.0,1.0,0.0,0.0
2021-05-31,NW,0,2404.0,26489.0,,,0.0
2021-05-31,GL,0,2678.0,24747.0,,,0.0
2021-05-31,FR,0,2827.7,203367.0,,,0.0
2021-05-31,SO,0,3141.0,169413.0,,,0.0
2021-05-31,BS,1,2695.0,122872.0,0.0,0.0,0.0
2021-05-31,BL,0,3707.4,170238.0,,,0.0
2021-05-31,SH,1,2791.7300000000005,49828.0,0.0,0.0,0.0
2021-05-31,AR,0,3390.0,32862.0,,,0.0
2021-05-31,AI,0,2537.5,9616.0,,,0.0
2021-05-31,SG,1,2899.976,314899.0,1.0,0.0,0.0
2021-05-31,GR,2,3348.0,121024.0,1.0,0.0,0.0
2021-05-31,AG,1,3013.6,430594.0,0.0,0.0,0.0
2021-05-31,TG,0,2672.7,174636.0,,,0.0
2021-05-31,TI,15,3864.11,207470.0,0.0666666666666666,0.6,0.0
2021-05-31,VD,5,2800.7333333333336,506501.0,0.8,0.2,0.0
2021-05-31,VS,2,2649.0,213030.0,0.5,0.0,0.0
2021-05-31,NE,5,2716.0,105216.0,0.6,0.4,0.0
2021-05-31,GE,11,2867.3154375,317976.0,0.4545454545454545,0.1818181818181818,0.0
2021-05-31,JU,0,3546.15,42536.0,,,0.0
2021-06-30,ZG,94,2826.75,80641.0,0.425531914893617,0.3936170212765957,1.0
2021-06-30,ZH,42,4072.0,984746.0,0.4285714285714285,0.4047619047619047,0.0
2021-06-30,BE,4,3114.45,621199.0,0.25,0.0,0.0
2021-06-30,LU,4,2629.7,258090.0,0.5,0.25,0.0
2021-06-30,UR,1,2529.646,21709.0,0.0,0.0,0.0
2021-06-30,SZ,5,2813.65,101748.0,0.4,0.6,0.0
2021-06-30,OW,1,2556.5,23127.0,1.0,0.0,0.0
2021-06-30,NW,0,2404.0,26489.0,,,0.0
2021-06-30,GL,0,2678.0,24747.0,,,0.0
2021-06-30,FR,1,2827.7,203367.0,1.0,0.0,0.0
2021-06-30,SO,0,3141.0,169413.0,,,0.0
2021-06-30,BS,1,2695.0,122872.0,0.0,0.0,0.0
2021-06-30,BL,0,3707.4,170238.0,,,0.0
2021-06-30,SH,1,2791.7300000000005,49828.0,0.0,0.0,0.0
2021-06-30,AR,0,3390.0,32862.0,,,0.0
2021-06-30,AI,0,2537.5,9616.0,,,0.0
2021-06-30,SG,1,2899.976,314899.0,1.0,0.0,0.0
2021-06-30,GR,2,3348.0,121024.0,1.0,0.0,0.0
2021-06-30,AG,1,3013.6,430594.0,0.0,0.0,0.0
2021-06-30,TG,0,2672.7,174636.0,,,0.0
2021-06-30,TI,15,3864.11,207470.0,0.0666666666666666,0.6,0.0
2021-06-30,VD,6,2800.7333333333336,506501.0,0.8333333333333334,0.1666666666666666,0.0
2021-06-30,VS,2,2649.0,213030.0,0.5,0.0,0.0
2021-06-30,NE,5,2716.0,105216.0,0.6,0.4,0.0
2021-06-30,GE,11,2867.3154375,317976.0,0.4545454545454545,0.1818181818181818,0.0
2021-06-30,JU,0,3546.15,42536.0,,,0.0
2021-07-31,ZG,95,2826.75,80641.0,0.4210526315789473,0.4,1.0
2021-07-31,ZH,42,4072.0,984746.0,0.4285714285714285,0.4047619047619047,0.0
2021-07-31,BE,4,3114.45,621199.0,0.25,0.0,0.0
2021-07-31,LU,4,2629.7,258090.0,0.5,0.25,0.0
2021-07-31,UR,1,2529.646,21709.0,0.0,0.0,0.0
2021-07-31,SZ,5,2813.65,101748.0,0.4,0.6,0.0
2021-07-31,OW,1,2556.5,23127.0,1.0,0.0,0.0
2021-07-31,NW,0,2404.0,26489.0,,,0.0
2021-07-31,GL,0,2678.0,24747.0,,,0.0
2021-07-31,FR,1,2827.7,203367.0,1.0,0.0,0.0
2021-07-31,SO,0,3141.0,169413.0,,,0.0
2021-07-31,BS,1,2695.0,122872.0,0.0,0.0,0.0
2021-07-31,BL,0,3707.4,170238.0,,,0.0
2021-07-31,SH,1,2791.7300000000005,49828.0,0.0,0.0,0.0
2021-07-31,AR,0,3390.0,32862.0,,,0.0
2021-07-31,AI,0,2537.5,9616.0,,,0.0
2021-07-31,SG,1,2899.976,314899.0,1.0,0.0,0.0
2021-07-31,GR,2,3348.0,121024.0,1.0,0.0,0.0
2021-07-31,AG,1,3013.6,430594.0,0.0,0.0,0.0
2021-07-31,TG,0,2672.7,174636.0,,,0.0
2021-07-31,TI,15,3864.11,207470.0,0.0666666666666666,0.6,0.0
2021-07-31,VD,6,2800.7333333333336,506501.0,0.8333333333333334,0.1666666666666666,0.0
2021-07-31,VS,2,2649.0,213030.0,0.5,0.0,0.0
2021-07-31,NE,6,2716.0,105216.0,0.5,0.5,0.0
2021-07-31,GE,12,2867.3154375,317976.0,0.4166666666666667,0.25,0.0
2021-07-31,JU,0,3546.15,42536.0,,,0.0
2021-08-31,ZG,96,2826.75,80641.0,0.4166666666666667,0.3958333333333333,1.0
2021-08-31,ZH,42,4072.0,984746.0,0.4285714285714285,0.4047619047619047,0.0
2021-08-31,BE,4,3114.45,621199.0,0.25,0.0,0.0
2021-08-31,LU,4,2629.7,258090.0,0.5,0.25,0.0
2021-08-31,UR,1,2529.646,21709.0,0.0,0.0,0.0
2021-08-31,SZ,5,2813.65,101748.0,0.4,0.6,0.0
2021-08-31,OW,1,2556.5,23127.0,1.0,0.0,0.0
2021-08-31,NW,0,2404.0,26489.0,,,0.0
2021-08-31,GL,0,2678.0,24747.0,,,0.0
2021-08-31,FR,1,2827.7,203367.0,1.0,0.0,0.0
2021-08-31,SO,0,3141.0,169413.0,,,0.0
2021-08-31,BS,1,2695.0,122872.0,0.0,0.0,0.0
2021-08-31,BL,0,3707.4,170238.0,,,0.0
2021-08-31,SH,1,2791.7300000000005,49828.0,0.0,0.0,0.0
2021-08-31,AR,0,3390.0,32862.0,,,0.0
2021-08-31,AI,0,2537.5,9616.0,,,0.0
2021-08-31,SG,1,2899.976,314899.0,1.0,0.0,0.0
2021-08-31,GR,2,3348.0,121024.0,1.0,0.0,0.0
2021-08-31,AG,1,3013.6,430594.0,0.0,0.0,0.0
2021-08-31,TG,0,2672.7,174636.0,,,0.0
2021-08-31,TI,15,3864.11,207470.0,0.0666666666666666,0.6,0.0
2021-08-31,VD,7,2800.7333333333336,506501.0,0.7142857142857143,0.1428571428571428,0.0
2021-08-31,VS,2,2649.0,213030.0,0.5,0.0,0.0
2021-08-31,NE,6,2716.0,105216.0,0.5,0.5,0.0
2021-08-31,GE,12,2867.3154375,317976.0,0.4166666666666667,0.25,0.0
2021-08-31,JU,0,3546.15,42536.0,,,0.0
2021-09-30,ZG,99,2826.75,80641.0,0.4242424242424242,0.3939393939393939,1.0
2021-09-30,ZH,44,4072.0,984746.0,0.4318181818181818,0.3863636363636363,0.0
2021-09-30,BE,4,3114.45,621199.0,0.25,0.0,0.0
2021-09-30,LU,4,2629.7,258090.0,0.5,0.25,0.0
2021-09-30,UR,1,2529.646,21709.0,0.0,0.0,0.0
2021-09-30,SZ,5,2813.65,101748.0,0.4,0.6,0.0
2021-09-30,OW,1,2556.5,23127.0,1.0,0.0,0.0
2021-09-30,NW,0,2404.0,26489.0,,,0.0
2021-09-30,GL,0,2678.0,24747.0,,,0.0
2021-09-30,FR,1,2827.7,203367.0,1.0,0.0,0.0
2021-09-30,SO,0,3141.0,169413.0,,,0.0
2021-09-30,BS,1,2695.0,122872.0,0.0,0.0,0.0
2021-09-30,BL,0,3707.4,170238.0,,,0.0
2021-09-30,SH,1,2791.7300000000005,49828.0,0.0,0.0,0.0
2021-09-30,AR,0,3390.0,32862.0,,,0.0
2021-09-30,AI,0,2537.5,9616.0,,,0.0
2021-09-30,SG,1,2899.976,314899.0,1.0,0.0,0.0
2021-09-30,GR,2,3348.0,121024.0,1.0,0.0,0.0
2021-09-30,AG,1,3013.6,430594.0,0.0,0.0,0.0
2021-09-30,TG,0,2672.7,174636.0,,,0.0
2021-09-30,TI,15,3864.11,207470.0,0.0666666666666666,0.6,0.0
2021-09-30,VD,7,2800.7333333333336,506501.0,0.7142857142857143,0.1428571428571428,0.0
2021-09-30,VS,2,2649.0,213030.0,0.5,0.0,0.0
2021-09-30,NE,6,2716.0,105216.0,0.5,0.5,0.0
2021-09-30,GE,13,2867.3154375,317976.0,0.3846153846153846,0.2307692307692307,0.0
2021-09-30,JU,0,3546.15,42536.0,,,0.0
2021-10-31,ZG,100,2826.75,80641.0,0.42,0.39,1.0
2021-10-31,ZH,46,4072.0,984746.0,0.4565217391304347,0.3695652173913043,0.0
2021-10-31,BE,4,3114.45,621199.0,0.25,0.0,0.0
2021-10-31,LU,4,2629.7,258090.0,0.5,0.25,0.0
2021-10-31,UR,1,2529.646,21709.0,0.0,0.0,0.0
2021-10-31,SZ,5,2813.65,101748.0,0.4,0.6,0.0
2021-10-31,OW,1,2556.5,23127.0,1.0,0.0,0.0
2021-10-31,NW,0,2404.0,26489.0,,,0.0
2021-10-31,GL,0,2678.0,24747.0,,,0.0
2021-10-31,FR,1,2827.7,203367.0,1.0,0.0,0.0
2021-10-31,SO,0,3141.0,169413.0,,,0.0
2021-10-31,BS,1,2695.0,122872.0,0.0,0.0,0.0
2021-10-31,BL,0,3707.4,170238.0,,,0.0
2021-10-31,SH,1,2791.7300000000005,49828.0,0.0,0.0,0.0
2021-10-31,AR,0,3390.0,32862.0,,,0.0
2021-10-31,AI,0,2537.5,9616.0,,,0.0
2021-10-31,SG,1,2899.976,314899.0,1.0,0.0,0.0
2021-10-31,GR,2,3348.0,121024.0,1.0,0.0,0.0
2021-10-31,AG,1,3013.6,430594.0,0.0,0.0,0.0
2021-10-31,TG,0,2672.7,174636.0,,,0.0
2021-10-31,TI,15,3864.11,207470.0,0.0666666666666666,0.6,0.0
2021-10-31,VD,7,2800.7333333333336,506501.0,0.7142857142857143,0.1428571428571428,0.0
2021-10-31,VS,2,2649.0,213030.0,0.5,0.0,0.0
2021-10-31,NE,6,2716.0,105216.0,0.5,0.5,0.0
2021-10-31,GE,14,2867.3154375,317976.0,0.4285714285714285,0.2142857142857142,0.0
2021-10-31,JU,0,3546.15,42536.0,,,0.0
2021-11-30,ZG,101,2826.75,80641.0,0.4158415841584158,0.3861386138613861,1.0
2021-11-30,ZH,47,4072.0,984746.0,0.4468085106382978,0.3829787234042553,0.0
2021-11-30,BE,4,3114.45,621199.0,0.25,0.0,0.0
2021-11-30,LU,4,2629.7,258090.0,0.5,0.25,0.0
2021-11-30,UR,1,2529.646,21709.0,0.0,0.0,0.0
2021-11-30,SZ,5,2813.65,101748.0,0.4,0.6,0.0
2021-11-30,OW,1,2556.5,23127.0,1.0,0.0,0.0
2021-11-30,NW,0,2404.0,26489.0,,,0.0
2021-11-30,GL,0,2678.0,24747.0,,,0.0
2021-11-30,FR,1,2827.7,203367.0,1.0,0.0,0.0
2021-11-30,SO,0,3141.0,169413.0,,,0.0
2021-11-30,BS,1,2695.0,122872.0,0.0,0.0,0.0
2021-11-30,BL,1,3707.4,170238.0,0.0,0.0,0.0
2021-11-30,SH,1,2791.7300000000005,49828.0,0.0,0.0,0.0
2021-11-30,AR,0,3390.0,32862.0,,,0.0
2021-11-30,AI,0,2537.5,9616.0,,,0.0
2021-11-30,SG,1,2899.976,314899.0,1.0,0.0,0.0
2021-11-30,GR,2,3348.0,121024.0,1.0,0.0,0.0
2021-11-30,AG,1,3013.6,430594.0,0.0,0.0,0.0
2021-11-30,TG,0,2672.7,174636.0,,,0.0
2021-11-30,TI,16,3864.11,207470.0,0.0625,0.625,0.0
2021-11-30,VD,7,2800.7333333333336,506501.0,0.7142857142857143,0.1428571428571428,0.0
2021-11-30,VS,2,2649.0,213030.0,0.5,0.0,0.0
2021-11-30,NE,6,2716.0,105216.0,0.5,0.5,0.0
2021-11-30,GE,14,2867.3154375,317976.0,0.4285714285714285,0.2142857142857142,0.0
2021-11-30,JU,0,3546.15,42536.0,,,0.0
2021-12-31,ZG,107,2826.75,80641.0,0.411214953271028,0.3925233644859813,1.0
2021-12-31,ZH,48,4072.0,984746.0,0.4375,0.375,0.0
2021-12-31,BE,4,3114.45,621199.0,0.25,0.0,0.0
2021-12-31,LU,4,2629.7,258090.0,0.5,0.25,0.0
2021-12-31,UR,1,2529.646,21709.0,0.0,0.0,0.0
2021-12-31,SZ,5,2813.65,101748.0,0.4,0.6,0.0
2021-12-31,OW,1,2556.5,23127.0,1.0,0.0,0.0
2021-12-31,NW,0,2404.0,26489.0,,,0.0
2021-12-31,GL,0,2678.0,24747.0,,,0.0
2021-12-31,FR,2,2827.7,203367.0,1.0,0.0,0.0
2021-12-31,SO,0,3141.0,169413.0,,,0.0
2021-12-31,BS,1,2695.0,122872.0,0.0,0.0,0.0
2021-12-31,BL,1,3707.4,170238.0,0.0,0.0,0.0
2021-12-31,SH,1,2791.7300000000005,49828.0,0.0,0.0,0.0
2021-12-31,AR,0,3390.0,32862.0,,,0.0
2021-12-31,AI,0,2537.5,9616.0,,,0.0
2021-12-31,SG,1,2899.976,314899.0,1.0,0.0,0.0
2021-12-31,GR,2,3348.0,121024.0,1.0,0.0,0.0
2021-12-31,AG,1,3013.6,430594.0,0.0,0.0,0.0
2021-12-31,TG,0,2672.7,174636.0,,,0.0
2021-12-31,TI,17,3864.11,207470.0,0.0588235294117647,0.6470588235294118,0.0
2021-12-31,VD,7,2800.7333333333336,506501.0,0.7142857142857143,0.1428571428571428,0.0
2021-12-31,VS,2,2649.0,213030.0,0.5,0.0,0.0
2021-12-31,NE,6,2716.0,105216.0,0.5,0.5,0.0
2021-12-31,GE,15,2867.3154375,317976.0,0.4,0.2666666666666666,0.0
2021-12-31,JU,0,3546.15,42536.0,,,0.0
2022-01-31,ZG,108,,,0.4074074074074074,0.3888888888888889,1.0
2022-01-31,ZH,50,,,0.42,0.38,0.0
2022-01-31,BE,4,,,0.25,0.0,0.0
2022-01-31,LU,4,,,0.5,0.25,0.0
2022-01-31,UR,1,,,0.0,0.0,0.0
2022-01-31,SZ,5,,,0.4,0.6,0.0
2022-01-31,OW,2,,,0.5,0.5,0.0
2022-01-31,NW,0,,,,,0.0
2022-01-31,GL,0,,,,,0.0
2022-01-31,FR,2,,,1.0,0.0,0.0
2022-01-31,SO,0,,,,,0.0
2022-01-31,BS,1,,,0.0,0.0,0.0
2022-01-31,BL,1,,,0.0,0.0,0.0
2022-01-31,SH,1,,,0.0,0.0,0.0
2022-01-31,AR,0,,,,,0.0
2022-01-31,AI,0,,,,,0.0
2022-01-31,SG,1,,,1.0,0.0,0.0
2022-01-31,GR,2,,,1.0,0.0,0.0
2022-01-31,AG,1,,,0.0,0.0,0.0
2022-01-31,TG,0,,,,,0.0
2022-01-31,TI,17,,,0.0588235294117647,0.6470588235294118,0.0
2022-01-31,VD,7,,,0.7142857142857143,0.1428571428571428,0.0
2022-01-31,VS,2,,,0.5,0.0,0.0
2022-01-31,NE,6,,,0.5,0.5,0.0
2022-01-31,GE,16,,,0.4375,0.25,0.0
2022-01-31,JU,0,,,,,0.0
2022-02-28,ZG,110,,,0.4090909090909091,0.3909090909090909,1.0
2022-02-28,ZH,52,,,0.4230769230769231,0.3846153846153846,0.0
2022-02-28,BE,4,,,0.25,0.0,0.0
2022-02-28,LU,4,,,0.5,0.25,0.0
2022-02-28,UR,1,,,0.0,0.0,0.0
2022-02-28,SZ,5,,,0.4,0.6,0.0
2022-02-28,OW,2,,,0.5,0.5,0.0
2022-02-28,NW,0,,,,,0.0
2022-02-28,GL,0,,,,,0.0
2022-02-28,FR,2,,,1.0,0.0,0.0
2022-02-28,SO,0,,,,,0.0
2022-02-28,BS,1,,,0.0,0.0,0.0
2022-02-28,BL,1,,,0.0,0.0,0.0
2022-02-28,SH,1,,,0.0,0.0,0.0
2022-02-28,AR,0,,,,,0.0
2022-02-28,AI,0,,,,,0.0
2022-02-28,SG,1,,,1.0,0.0,0.0
2022-02-28,GR,2,,,1.0,0.0,0.0
2022-02-28,AG,1,,,0.0,0.0,0.0
2022-02-28,TG,0,,,,,0.0
2022-02-28,TI,17,,,0.0588235294117647,0.6470588235294118,0.0
2022-02-28,VD,8,,,0.625,0.25,0.0
2022-02-28,VS,2,,,0.5,0.0,0.0
2022-02-28,NE,6,,,0.5,0.5,0.0
2022-02-28,GE,17,,,0.4117647058823529,0.2941176470588235,0.0
2022-02-28,JU,0,,,,,0.0
2022-03-31,ZG,113,,,0.4070796460176991,0.3893805309734513,1.0
2022-03-31,ZH,53,,,0.4339622641509434,0.3773584905660377,0.0
2022-03-31,BE,5,,,0.2,0.0,0.0
2022-03-31,LU,4,,,0.5,0.25,0.0
2022-03-31,UR,1,,,0.0,0.0,0.0
2022-03-31,SZ,5,,,0.4,0.6,0.0
2022-03-31,OW,2,,,0.5,0.5,0.0
2022-03-31,NW,0,,,,,0.0
2022-03-31,GL,0,,,,,0.0
2022-03-31,FR,2,,,1.0,0.0,0.0
2022-03-31,SO,0,,,,,0.0
2022-03-31,BS,1,,,0.0,0.0,0.0
2022-03-31,BL,1,,,0.0,0.0,0.0
2022-03-31,SH,1,,,0.0,0.0,0.0
2022-03-31,AR,0,,,,,0.0
2022-03-31,AI,0,,,,,0.0
2022-03-31,SG,1,,,1.0,0.0,0.0
2022-03-31,GR,2,,,1.0,0.0,0.0
2022-03-31,AG,1,,,0.0,0.0,0.0
2022-03-31,TG,0,,,,,0.0
2022-03-31,TI,17,,,0.0588235294117647,0.6470588235294118,0.0
2022-03-31,VD,8,,,0.625,0.25,0.0
2022-03-31,VS,2,,,0.5,0.0,0.0
2022-03-31,NE,6,,,0.5,0.5,0.0
2022-03-31,GE,19,,,0.4210526315789473,0.2631578947368421,0.0
2022-03-31,JU,0,,,,,0.0
2022-04-30,ZG,113,,,0.4070796460176991,0.3893805309734513,1.0
2022-04-30,ZH,56,,,0.4285714285714285,0.375,0.0
2022-04-30,BE,5,,,0.2,0.0,0.0
2022-04-30,LU,4,,,0.5,0.25,0.0
2022-04-30,UR,1,,,0.0,0.0,0.0
2022-04-30,SZ,5,,,0.4,0.6,0.0
2022-04-30,OW,2,,,0.5,0.5,0.0
2022-04-30,NW,0,,,,,0.0
2022-04-30,GL,0,,,,,0.0
2022-04-30,FR,2,,,1.0,0.0,0.0
2022-04-30,SO,0,,,,,0.0
2022-04-30,BS,1,,,0.0,0.0,0.0
2022-04-30,BL,1,,,0.0,0.0,0.0
2022-04-30,SH,1,,,0.0,0.0,0.0
2022-04-30,AR,0,,,,,0.0
2022-04-30,AI,0,,,,,0.0
2022-04-30,SG,1,,,1.0,0.0,0.0
2022-04-30,GR,2,,,1.0,0.0,0.0
2022-04-30,AG,1,,,0.0,0.0,0.0
2022-04-30,TG,0,,,,,0.0
2022-04-30,TI,17,,,0.0588235294117647,0.6470588235294118,0.0
2022-04-30,VD,8,,,0.625,0.25,0.0
2022-04-30,VS,2,,,0.5,0.0,0.0
2022-04-30,NE,6,,,0.5,0.5,0.0
2022-04-30,GE,19,,,0.4210526315789473,0.2631578947368421,0.0
2022-04-30,JU,0,,,,,0.0
2022-05-31,ZG,115,,,0.4,0.391304347826087,1.0
2022-05-31,ZH,57,,,0.4210526315789473,0.3684210526315789,0.0
2022-05-31,BE,5,,,0.2,0.0,0.0
2022-05-31,LU,5,,,0.4,0.2,0.0
2022-05-31,UR,1,,,0.0,0.0,0.0
2022-05-31,SZ,5,,,0.4,0.6,0.0
2022-05-31,OW,2,,,0.5,0.5,0.0
2022-05-31,NW,0,,,,,0.0
2022-05-31,GL,0,,,,,0.0
2022-05-31,FR,2,,,1.0,0.0,0.0
2022-05-31,SO,0,,,,,0.0
2022-05-31,BS,1,,,0.0,0.0,0.0
2022-05-31,BL,1,,,0.0,0.0,0.0
2022-05-31,SH,1,,,0.0,0.0,0.0
2022-05-31,AR,0,,,,,0.0
2022-05-31,AI,0,,,,,0.0
2022-05-31,SG,1,,,1.0,0.0,0.0
2022-05-31,GR,2,,,1.0,0.0,0.0
2022-05-31,AG,1,,,0.0,0.0,0.0
2022-05-31,TG,0,,,,,0.0
2022-05-31,TI,17,,,0.0588235294117647,0.6470588235294118,0.0
2022-05-31,VD,9,,,0.5555555555555556,0.2222222222222222,0.0
2022-05-31,VS,2,,,0.5,0.0,0.0
2022-05-31,NE,6,,,0.5,0.5,0.0
2022-05-31,GE,19,,,0.4210526315789473,0.2631578947368421,0.0
2022-05-31,JU,1,,,0.0,0.0,0.0
2022-06-30,ZG,119,,,0.4033613445378151,0.3865546218487395,1.0
2022-06-30,ZH,57,,,0.4210526315789473,0.3684210526315789,0.0
2022-06-30,BE,5,,,0.2,0.0,0.0
2022-06-30,LU,5,,,0.4,0.2,0.0
2022-06-30,UR,1,,,0.0,0.0,0.0
2022-06-30,SZ,5,,,0.4,0.6,0.0
2022-06-30,OW,2,,,0.5,0.5,0.0
2022-06-30,NW,0,,,,,0.0
2022-06-30,GL,0,,,,,0.0
2022-06-30,FR,2,,,1.0,0.0,0.0
2022-06-30,SO,0,,,,,0.0
2022-06-30,BS,1,,,0.0,0.0,0.0
2022-06-30,BL,1,,,0.0,0.0,0.0
2022-06-30,SH,1,,,0.0,0.0,0.0
2022-06-30,AR,0,,,,,0.0
2022-06-30,AI,0,,,,,0.0
2022-06-30,SG,1,,,1.0,0.0,0.0
2022-06-30,GR,2,,,1.0,0.0,0.0
2022-06-30,AG,1,,,0.0,0.0,0.0
2022-06-30,TG,0,,,,,0.0
2022-06-30,TI,17,,,0.0588235294117647,0.6470588235294118,0.0
2022-06-30,VD,10,,,0.6,0.2,0.0
2022-06-30,VS,2,,,0.5,0.0,0.0
2022-06-30,NE,6,,,0.5,0.5,0.0
2022-06-30,GE,19,,,0.4210526315789473,0.2631578947368421,0.0
2022-06-30,JU,1,,,0.0,0.0,0.0
2022-07-31,ZG,120,,,0.4,0.3833333333333333,1.0
2022-07-31,ZH,57,,,0.4210526315789473,0.3684210526315789,0.0
2022-07-31,BE,5,,,0.2,0.0,0.0
2022-07-31,LU,5,,,0.4,0.2,0.0
2022-07-31,UR,1,,,0.0,0.0,0.0
2022-07-31,SZ,5,,,0.4,0.6,0.0
2022-07-31,OW,2,,,0.5,0.5,0.0
2022-07-31,NW,0,,,,,0.0
2022-07-31,GL,0,,,,,0.0
2022-07-31,FR,2,,,1.0,0.0,0.0
2022-07-31,SO,0,,,,,0.0
2022-07-31,BS,2,,,0.0,0.0,0.0
2022-07-31,BL,1,,,0.0,0.0,0.0
2022-07-31,SH,1,,,0.0,0.0,0.0
2022-07-31,AR,0,,,,,0.0
2022-07-31,AI,0,,,,,0.0
2022-07-31,SG,1,,,1.0,0.0,0.0
2022-07-31,GR,2,,,1.0,0.0,0.0
2022-07-31,AG,1,,,0.0,0.0,0.0
2022-07-31,TG,0,,,,,0.0
2022-07-31,TI,17,,,0.0588235294117647,0.6470588235294118,0.0
2022-07-31,VD,10,,,0.6,0.2,0.0
2022-07-31,VS,2,,,0.5,0.0,0.0
2022-07-31,NE,6,,,0.5,0.5,0.0
2022-07-31,GE,20,,,0.4,0.25,0.0
2022-07-31,JU,1,,,0.0,0.0,0.0
2022-08-31,ZG,120,,,0.4,0.3833333333333333,1.0
2022-08-31,ZH,58,,,0.4137931034482758,0.3620689655172414,0.0
2022-08-31,BE,5,,,0.2,0.0,0.0
2022-08-31,LU,5,,,0.4,0.2,0.0
2022-08-31,UR,1,,,0.0,0.0,0.0
2022-08-31,SZ,5,,,0.4,0.6,0.0
2022-08-31,OW,2,,,0.5,0.5,0.0
2022-08-31,NW,0,,,,,0.0
2022-08-31,GL,0,,,,,0.0
2022-08-31,FR,2,,,1.0,0.0,0.0
2022-08-31,SO,0,,,,,0.0
2022-08-31,BS,2,,,0.0,0.0,0.0
2022-08-31,BL,1,,,0.0,0.0,0.0
2022-08-31,SH,1,,,0.0,0.0,0.0
2022-08-31,AR,0,,,,,0.0
2022-08-31,AI,0,,,,,0.0
2022-08-31,SG,1,,,1.0,0.0,0.0
2022-08-31,GR,2,,,1.0,0.0,0.0
2022-08-31,AG,1,,,0.0,0.0,0.0
2022-08-31,TG,0,,,,,0.0
2022-08-31,TI,18,,,0.1111111111111111,0.6111111111111112,0.0
2022-08-31,VD,10,,,0.6,0.2,0.0
2022-08-31,VS,2,,,0.5,0.0,0.0
2022-08-31,NE,6,,,0.5,0.5,0.0
2022-08-31,GE,20,,,0.4,0.25,0.0
2022-08-31,JU,1,,,0.0,0.0,0.0
2022-09-30,ZG,120,,,0.4,0.3833333333333333,1.0
2022-09-30,ZH,60,,,0.4166666666666667,0.35,0.0
2022-09-30,BE,5,,,0.2,0.0,0.0
2022-09-30,LU,6,,,0.3333333333333333,0.1666666666666666,0.0
2022-09-30,UR,1,,,0.0,0.0,0.0
2022-09-30,SZ,5,,,0.4,0.6,0.0
2022-09-30,OW,2,,,0.5,0.5,0.0
2022-09-30,NW,0,,,,,0.0
2022-09-30,GL,0,,,,,0.0
2022-09-30,FR,2,,,1.0,0.0,0.0
2022-09-30,SO,0,,,,,0.0
2022-09-30,BS,2,,,0.0,0.0,0.0
2022-09-30,BL,1,,,0.0,0.0,0.0
2022-09-30,SH,1,,,0.0,0.0,0.0
2022-09-30,AR,0,,,,,0.0
2022-09-30,AI,0,,,,,0.0
2022-09-30,SG,1,,,1.0,0.0,0.0
2022-09-30,GR,2,,,1.0,0.0,0.0
2022-09-30,AG,1,,,0.0,0.0,0.0
2022-09-30,TG,0,,,,,0.0
2022-09-30,TI,18,,,0.1111111111111111,0.6111111111111112,0.0
2022-09-30,VD,10,,,0.6,0.2,0.0
2022-09-30,VS,2,,,0.5,0.0,0.0
2022-09-30,NE,7,,,0.5714285714285714,0.4285714285714285,0.0
2022-09-30,GE,20,,,0.4,0.25,0.0
2022-09-30,JU,1,,,0.0,0.0,0.0
2022-10-31,ZG,120,,,0.4,0.3833333333333333,1.0
2022-10-31,ZH,60,,,0.4166666666666667,0.35,0.0
2022-10-31,BE,5,,,0.2,0.0,0.0
2022-10-31,LU,6,,,0.3333333333333333,0.1666666666666666,0.0
2022-10-31,UR,1,,,0.0,0.0,0.0
2022-10-31,SZ,5,,,0.4,0.6,0.0
2022-10-31,OW,2,,,0.5,0.5,0.0
2022-10-31,NW,0,,,,,0.0
2022-10-31,GL,0,,,,,0.0
2022-10-31,FR,2,,,1.0,0.0,0.0
2022-10-31,SO,0,,,,,0.0
2022-10-31,BS,2,,,0.0,0.0,0.0
2022-10-31,BL,1,,,0.0,0.0,0.0
2022-10-31,SH,1,,,0.0,0.0,0.0
2022-10-31,AR,0,,,,,0.0
2022-10-31,AI,1,,,0.0,0.0,0.0
2022-10-31,SG,1,,,1.0,0.0,0.0
2022-10-31,GR,2,,,1.0,0.0,0.0
2022-10-31,AG,1,,,0.0,0.0,0.0
2022-10-31,TG,0,,,,,0.0
2022-10-31,TI,18,,,0.1111111111111111,0.6111111111111112,0.0
2022-10-31,VD,10,,,0.6,0.2,0.0
2022-10-31,VS,2,,,0.5,0.0,0.0
2022-10-31,NE,7,,,0.5714285714285714,0.4285714285714285,0.0
2022-10-31,GE,20,,,0.4,0.25,0.0
2022-10-31,JU,1,,,0.0,0.0,0.0
2022-11-30,ZG,120,,,0.4,0.3833333333333333,1.0
2022-11-30,ZH,60,,,0.4166666666666667,0.35,0.0
2022-11-30,BE,5,,,0.2,0.0,0.0
2022-11-30,LU,6,,,0.3333333333333333,0.1666666666666666,0.0
2022-11-30,UR,1,,,0.0,0.0,0.0
2022-11-30,SZ,5,,,0.4,0.6,0.0
2022-11-30,OW,2,,,0.5,0.5,0.0
2022-11-30,NW,0,,,,,0.0
2022-11-30,GL,0,,,,,0.0
2022-11-30,FR,2,,,1.0,0.0,0.0
2022-11-30,SO,0,,,,,0.0
2022-11-30,BS,2,,,0.0,0.0,0.0
2022-11-30,BL,1,,,0.0,0.0,0.0
2022-11-30,SH,1,,,0.0,0.0,0.0
2022-11-30,AR,0,,,,,0.0
2022-11-30,AI,1,,,0.0,0.0,0.0
2022-11-30,SG,1,,,1.0,0.0,0.0
2022-11-30,GR,2,,,1.0,0.0,0.0
2022-11-30,AG,1,,,0.0,0.0,0.0
2022-11-30,TG,0,,,,,0.0
2022-11-30,TI,18,,,0.1111111111111111,0.6111111111111112,0.0
2022-11-30,VD,11,,,0.6363636363636364,0.1818181818181818,0.0
2022-11-30,VS,2,,,0.5,0.0,0.0
2022-11-30,NE,7,,,0.5714285714285714,0.4285714285714285,0.0
2022-11-30,GE,20,,,0.4,0.25,0.0
2022-11-30,JU,1,,,0.0,0.0,0.0
2022-12-31,ZG,120,,,0.4,0.3833333333333333,1.0
2022-12-31,ZH,60,,,0.4166666666666667,0.35,0.0
2022-12-31,BE,5,,,0.2,0.0,0.0
2022-12-31,LU,6,,,0.3333333333333333,0.1666666666666666,0.0
2022-12-31,UR,1,,,0.0,0.0,0.0
2022-12-31,SZ,5,,,0.4,0.6,0.0
2022-12-31,OW,2,,,0.5,0.5,0.0
2022-12-31,NW,0,,,,,0.0
2022-12-31,GL,0,,,,,0.0
2022-12-31,FR,2,,,1.0,0.0,0.0
2022-12-31,SO,0,,,,,0.0
2022-12-31,BS,2,,,0.0,0.0,0.0
2022-12-31,BL,1,,,0.0,0.0,0.0
2022-12-31,SH,1,,,0.0,0.0,0.0
2022-12-31,AR,0,,,,,0.0
2022-12-31,AI,1,,,0.0,0.0,0.0
2022-12-31,SG,1,,,1.0,0.0,0.0
2022-12-31,GR,2,,,1.0,0.0,0.0
2022-12-31,AG,1,,,0.0,0.0,0.0
2022-12-31,TG,0,,,,,0.0
2022-12-31,TI,18,,,0.1111111111111111,0.6111111111111112,0.0
2022-12-31,VD,11,,,0.6363636363636364,0.1818181818181818,0.0
2022-12-31,VS,2,,,0.5,0.0,0.0
2022-12-31,NE,7,,,0.5714285714285714,0.4285714285714285,0.0
2022-12-31,GE,21,,,0.3809523809523809,0.238095238095238,0.0
2022-12-31,JU,1,,,0.0,0.0,0.0
